"","theta_1","theta_2","mu_1","mu_2","size_1","size_2","prob_1","prob_2","total_mean_1","total_mean_2","foldChange","norm_total_mean_1","norm_total_mean_2","norm_foldChange","chi2LR1","pvalue_LR2","pvalue_LR3","FDR_LR2","FDR_LR3","pvalue","pvalue.adj.FDR","Remark","Type","State"
"C01G5.25",0.979994943721795,0.896963494439458,2.63484391520329,2.60509519203214,11.4913831181663,26.1284392633021,0.813478580729366,0.909336068763775,0.0344110115236876,0.173005868289502,0.198900834196591,0.0527102005975245,0.268419908715497,0.19637217242851,1114.23644601877,0,0.113911654282994,0,0.120909070454595,0,0,NA,"DEs","down"
"unc-129",0.930055115255283,0.821588685296649,2.99760428192789,2.87560601248888,9.75006535153926,12.5602577344805,0.764850802686468,0.813706180643538,0.144953051643192,0.348239513149315,0.416245274214591,0.20966709346991,0.513040643338405,0.408675406505002,951.107331201463,0,0.0655874170542525,0,0.0697064335842297,0,0,NA,"DEs","down"
"F32B4.5",0.991721859135002,0.948088525620983,3.53815832819481,3.17675072085984,2.30771116783942,3.34528772518056,0.394759268814493,0.512920577340589,0.021606914212548,0.116931101934362,0.184783294222925,0.0292893725992318,0.164909802216909,0.17760843931343,609.551318176862,6.66133814775094e-16,0.0677394952936942,9.56276928225257e-16,0.0719874563976807,0,0,NA,"DEs","down"
"Y102A11A.9",0.928718693585095,0.849684482351116,2.92942850055021,3.06245660414185,12.5146223771604,15.0207003743341,0.81031993977836,0.830645909462212,0.14265898420828,0.319061073679635,0.447121244102382,0.208813486982501,0.460334709845686,0.453612301041779,576.584985452086,0,0.177504003751123,0,0.188002865045894,0,0,NA,"DEs","down"
"C03C10.5",0.809910913090801,0.898578777132917,4.71816340989539,4.52003037703975,1.88694601066406,1.81984242470498,0.28567975040514,0.287047150883557,0.719430217669654,0.362584220821561,1.98417409351001,0.896873666239863,0.458432949358835,1.95639006204557,546.070014716504,0,0.3283828600053,0,0.344899985956121,0,0,NA,"DEs","up"
"hbl-1",0.667699114002846,0.583197417323578,2.70507852782121,2.72995055516228,12.9832007698322,15.8649782485089,0.8275732808871,0.853188437343019,0.597951344430218,0.757009345794392,0.789886343876954,0.898900981647461,1.13785046728972,0.789999220010499,262.422821913147,0,0.291835602146215,0,0.306854537717962,0,0,NA,"DEs","down"
"tmem-231",0.846153278437707,0.784998942712121,3.93105630387771,4.03550327140887,6.87887901367816,6.59056110302622,0.636347842202767,0.620225971798386,0.45758642765685,0.659693544881548,0.693634841824946,0.604780196329492,0.867637470115192,0.697042505839678,224.868078558116,0,0.225827553615803,0,0.238671653130883,0,0,NA,"DEs","down"
"F44E5.4",0.843291661529973,0.897375320575754,2.96526545652068,3.166722066665,2.64102872426759,3.08550851231869,0.471082793571181,0.49350523358661,0.327304737516005,0.232014779395784,1.41070641434299,0.46468203158344,0.324983699195827,1.42986258305662,187.324965869717,0,0.0703575253239873,0,0.0747632147655273,0,0,NA,"DEs","up"
"nhr-283",1,0.991616136330818,0,1.80820474164158,1,17770.1542414999,1,0.999898255201297,0,0.00815040208650293,0,0,0.0151597478808955,0,181.666588352145,0,0.658665672511941,0,0.689034651044164,0,0,NA,"DEs","down"
"ins-3",0.971490219152805,0.991023299375312,2.60110960146749,2.63305720399901,10.4379010604049,30.7696175482694,0.800513269839294,0.921172264690563,0.0483354673495519,0.0153227559226255,3.15448915284097,0.0741570635936833,0.0236361660508585,3.13744045604172,178.66650604546,0,0.379312878803431,0,0.398255894567775,0,0,NA,"DEs","up"
"fkb-7",0.792365169845531,0.847641470649348,2.86209309471561,2.89551108247932,2.56775173429472,2.19066411337333,0.472895969434679,0.43070952710391,0.414906103286385,0.307922190828081,1.34743813744179,0.594270166453265,0.441154096935449,1.34708069262297,177.600820809603,0,0.090041841409803,0,0.0955976806419142,0,0,NA,"DEs","up"
"C27A2.7",1,0.992182359657962,0,1.8835591886737,1,10181.9357759597,1,0.999815043931291,0,0.00809606607259292,0,0,0.0147250597696153,0,171.776743754322,0,0.631868017579695,0,0.661113713510135,0,0,NA,"DEs","down"
"sri-73",1,0.992935615622333,0,2.66896296713366,1,10156.2374719109,1,0.999737278516714,0,0.0122799391436644,0,0,0.0188545968267768,0,170.368849455413,0,0.743262285850746,0,0.776674415749041,0,0,NA,"DEs","down"
"ift-81",0.879432716288349,0.831107418900488,3.50721436848548,3.58845784675124,12.4227707406602,11.1875474327935,0.779835678159428,0.757142896279353,0.308151941954759,0.44397956965877,0.69406784233697,0.422855313700384,0.606063899152358,0.697707476541319,170.164916374932,0,0.276908330629525,0,0.292482050184821,0,0,NA,"DEs","down"
"mab-9",0.985293599414812,0.964883516387381,3.19600350869925,3.42264516558675,7.13181047420307,7.60825825906411,0.690544047947588,0.689722134821874,0.0333440034144259,0.0868832862421213,0.383779261312755,0.0470017072129748,0.120191262768963,0.391057603773774,159.390732494729,0,0.431067018940612,0,0.451402097182179,0,0,NA,"DEs","down"
"Y69H2.17",1,0.993075557397896,0,2.04806366275872,1,13041.4765194659,1,0.999842982343484,0,0.00815040208650293,0,0,0.0141816996305151,0,156.258856779665,0,0.717208005673553,0,0.750021443841624,0,0,NA,"DEs","down"
"nhr-167",1,0.993378491015385,0,1.92020045639021,1,15016.7686736053,1,0.999872145932811,0,0.00706368180830254,0,0,0.0127146272549446,0,146.388070164335,0,0.540573961573868,0,0.565690240940292,0,0,NA,"DEs","down"
"flp-3",1,0.99386228677347,0,2.46993452969177,1,20.6293448336539,1,0.893073091552324,0,0.00950880243425342,0,0,0.0151597478808955,0,143.563781492778,7.45766781662383e-11,0.99997928026484,9.65718598915341e-11,0.99997928026484,0,0,NA,"DEs","down"
"srh-119",1,0.994015921989656,0,2.60598760790562,1,11340.9463795462,1,0.999770267062419,0,0.0100521625733536,0,0,0.0155944359921756,0,143.563776888007,3.06532577099006e-12,0.7937326436863,4.08179998903994e-12,0.828570256754382,0,0,NA,"DEs","down"
"W04G3.10",1,0.993359382226016,0,1.66102285099301,1,11876.8815476057,1,0.999860166106983,0,0.00565094544664203,0,0,0.011030210823734,0,139.330934627824,1.11022302462516e-16,0.764674978774998,1.61220505226095e-16,0.79877867886281,0,0,NA,"DEs","down"
"srd-36",1,0.994333853318658,0,2.80975903598031,1,11465.9075755471,1,0.999755006688716,0,0.0105955227124538,0,0,0.0159204520756357,0,137.920244609749,1.11022302462516e-16,0.495916950283407,1.61220505226095e-16,0.519134746154437,0,0,NA,"DEs","down"
"T01E8.8",0.99239521644745,0.975942200123315,2.04147322959144,2.0439978993109,9.22344340862607,5.83358634026901,0.818776002064187,0.74052985824752,0.00912291933418694,0.0291784394696805,0.312659604145952,0.0155249679897567,0.0491740925885677,0.315714376666832,137.372910168188,1.59039448277554e-12,0.723195745938143,2.12766424452108e-12,0.756154764487645,0,0,NA,"DEs","down"
"flp-2",0.999732181974682,0.990373788416998,1.59362629437228,2.64731179270561,11741.117943093,0.640077416335781,0.999864288049233,0.19470691653284,0.000213401621852326,0.0185285807433167,0.0115174294679478,0.000426803243704652,0.0254835905237992,0.0167481596953953,136.825325070115,0.00417084574344706,0.0829952267582839,0.00452410807882266,0.0881466546260394,0,0,NA,"DEs","down"
"C48E7.7",1,0.993556080005591,0,1.70329254095634,1,10595.6911564285,1,0.999839272516546,0,0.00575961747446207,0,0,0.010975874809824,0,136.511000472831,3.88578058618805e-15,0.717645898458881,5.49315167204094e-15,0.750415673825616,0,0,NA,"DEs","down"
"glb-31",0.999149347402077,0.990746340915653,2.82227169763615,5.40209367501084,1.77485080625246,1.01112901531652,0.386078640443267,0.157663169383085,0.00170721297481861,0.0400999782655944,0.0425739127216283,0.00240076824583867,0.049989132797218,0.0480258030395814,135.906268182017,5.32907051820075e-15,0.0804938017033252,7.50847996160033e-15,0.0855047108971345,0,0,NA,"DEs","down"
"eya-1",0.832014147285769,0.8769343620292,3.12506940536465,3.22045096546772,5.0412066035964,6.00479266815922,0.617320134424133,0.650908843889081,0.374519846350832,0.282927624429472,1.32373021936638,0.524967989756722,0.396326885459683,1.32458334020876,128.414961474191,0,0.24556677445321,0,0.259489035188571,0,0,NA,"DEs","up"
"nmgp-1",0.969390683664667,0.943864725534925,2.18042558021649,2.15368297913771,22.0213909716561,14.9783201516207,0.909906532200048,0.874288898811194,0.0401195049082373,0.072212562486416,0.555575145471181,0.066741357234315,0.120897630949794,0.55204851170352,124.421830008532,0,0.79426855254288,0,0.829059439746529,0,0,NA,"DEs","down"
"F42G10.1",1,0.994255164750689,0,1.73085913095356,1,14161.9182814529,1,0.999877795678658,0,0.00521625733536188,0,0,0.00994349054553358,0,122.414506901401,7.7715611723761e-16,0.684559328048668,1.11370982486534e-15,0.715939806584006,0,0,NA,"DEs","down"
"ceh-19",0.996256171470815,0.983790286445965,2.10903352476494,2.19560258529335,1.85026650978091,1.67619011393628,0.467321620901898,0.432923517385058,0.00496158770806658,0.0228754618561182,0.216895629879471,0.00789586000853607,0.0355900891110628,0.221855584117707,118.694780426023,0.000875688004058017,0.919447344255197,0.000970738723831056,0.951658513082754,0,0,NA,"DEs","down"
"chil-14",1,0.995066921098987,0,2.33510049085251,1,13222.495836866,1,0.999823430597948,0,0.00706368180830254,0,0,0.0115192349489241,0,115.367528377625,1.47659662275146e-14,0.784747061815374,2.06324944905274e-14,0.819398576283194,0,0,NA,"DEs","down"
"nhr-196",1,0.995107883572354,0,1.93259235052786,1,10034.7828707807,1,0.999807447729526,0,0.0052705933492719,0,0,0.0094544664203434,0,108.321645344172,1.0325074129014e-14,0.650154699221123,1.44748422018038e-14,0.680189019565577,0,0,NA,"DEs","down"
"nlp-2",1,0.99521424093803,0,1.98690033241187,1,13510.7764625503,1,0.99985296121311,0,0.00543360139100196,0,0,0.00950880243425342,0,106.913861344131,4.44089209850063e-16,0.668317296203193,6.3945524372987e-16,0.699012572308628,0,0,NA,"DEs","down"
"otpl-4",1,0.994930930108817,0,1.62930774391289,1,12990.1444330189,1,0.999874589276536,0,0.00418387307107151,0,0,0.00825907411432297,0,105.507080852082,1.62314606200198e-13,0.72746288435507,2.21894801196897e-13,0.760398334550112,0,0,NA,"DEs","down"
"Y116A8C.40",1,0.995414456995796,0,2.00253944299641,1,11912.9831784697,1,0.999831931024476,0,0.00521625733536188,0,0,0.00918278635079331,0,102.687132871191,1.54543045027822e-13,0.736813742830207,2.11340916277363e-13,0.770001298809751,0,0,NA,"DEs","down"
"Y48A6B.14",1,0.995493240362574,0,2.02550238091722,1,11423.0216291637,1,0.999822713870884,0,0.00521625733536188,0,0,0.00912845033688329,0,101.279819785834,2.12052597703405e-14,0.371235526581336,2.95329867025316e-14,0.389874834837785,0,0,NA,"DEs","down"
"srh-146",1,0.995681357226357,0,2.1263141371082,1,16959.4382766077,1,0.999874639268935,0,0.00537926537709194,0,0,0.00918278635079331,0,98.4646252440257,5.91295901131161e-11,0.783550067177573,7.66898147377188e-11,0.818218073201195,0,0,NA,"DEs","down"
"frpr-12",1,0.995821566545611,0,2.27568461350983,1,11080.9798755361,1,0.999794673631664,0,0.00575961747446207,0,0,0.00950880243425342,0,97.0521406922273,2.20251594740262e-10,0.810753071583131,2.82538488879636e-10,0.845979320903207,0,0,NA,"DEs","down"
"F35B12.9",0.460494573152087,0.9943496694362,0.000395544888814347,7.1161589120612,0.000157465155320974,0.51401900068421,0.284741944546748,0.0673665812989229,0.000106700810926163,0.0348293849163225,0.003063528431022,0.000213401621852326,0.0402086502934145,0.00530735601158136,96.0781435359816,0.00330947529288139,0.195698082914849,0.0035977001330891,0.20721962883635,0,0,NA,"DEs","up"
"F57B1.9",1,0.995626959350752,0,1.86378369029678,1,10298.5259609482,1,0.99981905697391,0,0.0044555531406216,0,0,0.00815040208650293,0,95.6447625969793,6.58584298207643e-13,0.867082991133488,8.88886782856941e-13,0.902463669068563,0,0,NA,"DEs","down"
"R11G10.2",1,0.995925224401815,0,1.92020044998478,1,13248.9858623025,1,0.999855089120631,0,0.00434688111280156,0,0,0.00782438600304282,0,90.0131492398134,5.31874544407174e-12,0.828370746324501,7.04893974515531e-12,0.864069731158907,0,0,NA,"DEs","down"
"K02B12.9",0.999413917262143,0.993550850762333,3.82326206424077,3.90091261637059,2.80186780265482,1.46785264838214,0.422915151694637,0.273406002310989,0.00170721297481861,0.0191806129102369,0.0890072169647639,0.00224071702944942,0.0251575744403391,0.0890672920302099,89.0390867768326,0.00151306690276298,0.0511190041027025,0.00166303722384155,0.0543715903086675,0,0,NA,"DEs","down"
"F53F10.1",0.637850918309583,0.588867076914891,3.4965485826619,3.47307670509946,23.7333194791822,16.7065661859385,0.871591423993661,0.827892063112678,0.919120785317968,1.03597044120843,0.887207538707222,1.26627187366624,1.4278961095414,0.886809527111133,86.8675411580043,0,0.0813415075957519,0,0.0863977389067733,0,0,NA,"DEs","down"
"irld-2",1,0.995931408292621,0,1.61595628014998,1,19051.8670375398,1,0.99991518840515,0,0.00331449684851119,0,0,0.00657465768311237,0,84.3802830841732,1.67734715006418e-11,0.843627327947091,2.19862931043629e-11,0.879165004255469,0,0,NA,"DEs","down"
"srz-67",1,0.996487367138992,0,2.13468649065883,1,17689.8631704266,1,0.999879341694029,0,0.00440121712671158,0,0,0.0074983699195827,0,80.1578332977411,6.89691637134615e-11,0.854438050260166,8.9357461031638e-11,0.889979436862128,0,0,NA,"DEs","down"
"C29F4.3",1,0.996407513288845,0,1.98136035864897,1,13793.289582169,1,0.999856373943875,0,0.00402086502934145,0,0,0.00711801782221256,0,80.1557643089699,3.60118782012364e-05,0.726072816418348,4.14563950139444e-05,0.759034119497161,0,0,NA,"DEs","down"
"srb-13",1,0.996374859504649,0,1.82861104432893,1,10537.7464098644,1,0.999826500495447,0,0.00358617691806129,0,0,0.00662899369702239,0,78.7483072472405,3.70783403980113e-11,0.833123359472726,4.82778644793383e-11,0.868806482876586,1.11022302462516e-16,2.96454394718346e-16,NA,"DEs","down"
"H17B01.5",1,0.99690699807638,0,2.96889154923631,1,11072.2259084676,1,0.999731933243356,0,0.00619430558574223,0,0,0.00918278635079331,0,75.9326828709289,7.48199169287034e-10,0.914557421574259,9.49898368262186e-10,0.947074677128257,2.22044604925031e-16,5.90371251819564e-16,NA,"DEs","down"
"T07G12.2",1,0.996746607530784,0,2.32148633402436,1,13029.0082504617,1,0.999821853457712,0,0.00461856118235166,0,0,0.00755270593349272,0,75.9326039091578,2.12848738634364e-10,0.877342067774523,2.73098985625428e-10,0.912099283876183,2.22044604925031e-16,5.90371251819564e-16,NA,"DEs","down"
"tkr-2",1,0.996477227422981,0,1.78920927107946,1,10608.626028369,1,0.99983137236093,0,0.00336883286242121,0,0,0.00630297761356227,0,75.9318258037082,2.92913915345139e-10,0.789390588837636,3.74851920333656e-10,0.824107453137843,2.22044604925031e-16,5.90371251819564e-16,NA,"DEs","down"
"F28C6.9",1,0.996953008375222,0,2.62140222295775,1,12467.074529568,1,0.999789778176044,0,0.00516192132145186,0,0,0.00798739404477288,0,73.1175706463197,2.49523735007529e-11,0.86103368793014,3.25766188070544e-11,0.896546233544568,8.88178419700125e-16,2.33222888927524e-15,NA,"DEs","down"
"nhr-214",1,0.996795566959846,0,2.00086868812833,1,13425.282190805,1,0.999850984843377,0,0.00364051293197131,0,0,0.00641164964138231,0,71.7112767989452,1.88203730377978e-09,0.868148006910827,2.37155564923462e-09,0.903495813916319,1.88737914186277e-15,4.92084263672932e-15,NA,"DEs","down"
"F02D8.9",1,0.996675972122466,0,1.7000269320868,1,13032.5585479024,1,0.999869572410097,0,0.00293414475114106,0,0,0.00565094544664203,0,70.3039883678284,1.35466826645114e-09,0.856900512367165,1.71262319575968e-09,0.892468874153646,3.66373598126302e-15,9.48360164345323e-15,NA,"DEs","down"
"srt-70",1,0.996981969549329,0,2.30448614406727,1,12959.3113251847,1,0.999822206877784,0,0.00423820908498153,0,0,0.0069550097804825,0,70.3036987164462,1.84869120012365e-10,0.811034769757928,2.37520863338444e-10,0.846201589042824,3.66373598126302e-15,9.48360164345323e-15,NA,"DEs","down"
"C17B7.10",1,0.996695146584636,0,1.7263318331963,1,10364.9653186591,1,0.99983347321485,0,0.00298848076505108,0,0,0.00570528146055205,0,70.3002320537807,1.67603964040808e-09,0.859108830715191,2.11349113304273e-09,0.894693220153098,3.66373598126302e-15,9.48360164345323e-15,NA,"DEs","down"
"str-164",1,0.997021758353983,0,2.24405219751185,1,18536.8136923143,1,0.999878955434066,0,0.00402086502934145,0,0,0.00668332971093241,0,68.8964466170182,0.000123897756321378,0.866473913334627,0.000140826677542152,0.901905932095522,7.32747196252603e-15,1.88534325731033e-14,NA,"DEs","down"
"T05H4.3",1,0.996876751757743,0,1.91370046194804,1,16142.4081349748,1,0.999881462939016,0,0.00331449684851119,0,0,0.00597696153010215,0,68.8961765411609,2.26841279094003e-09,0.835960032373771,2.85288337937742e-09,0.871543335774297,7.32747196252603e-15,1.88534325731033e-14,NA,"DEs","down"
"sro-1",1,0.996763121194466,0,1.7290142030502,1,14069.3046871151,1,0.99987712244603,0,0.00293414475114106,0,0,0.00559660943273201,0,68.8952133947564,2.69335254099445e-09,0.81257321907418,3.38040987215278e-09,0.84766317180304,7.32747196252603e-15,1.88534325731033e-14,NA,"DEs","down"
"cyp-34A8",1,0.996703228706616,0,1.64816208590969,1,10114.3405539508,1,0.999837073554333,0,0.002771136709411,0,0,0.00543360139100196,0,68.8933040835984,2.42853137599752e-09,0.661680131415026,3.0520765635305e-09,0.692129327477765,7.32747196252603e-15,1.88534325731033e-14,NA,"DEs","down"
"mam-1",0.995742368536999,0.986723726808242,1.96729551839539,1.87855658213974,2.45929566473239,2.48135847916487,0.555573253321008,0.569130004661691,0.00517498932991891,0.0147793957835253,0.350148910396425,0.0083760136577038,0.024940230384699,0.335843475721962,67.4438561853226,6.27415078809923e-05,0.523203331701246,7.19046862412861e-05,0.547559042351287,1.50990331349021e-14,3.86178564676884e-14,NA,"DEs","down"
"clec-194",1,0.997267606650977,0,2.80390730355157,1,49.7760556731095,1,0.946673463714758,0,0.00510758530754184,0,0,0.00766137796131276,0,66.0807793759312,1.15916767173818e-06,0.992419082168634,1.37647669550018e-06,0.993144593641261,2.94209101525666e-14,7.47071342225005e-14,NA,"DEs","down"
"R13D7.2",1,0.997191033934028,0,2.39862837869194,1,15401.4323292177,1,0.999844283647016,0,0.00418387307107151,0,0,0.00673766572484243,0,66.0806879132186,1.38557820772434e-09,0.845283390721975,1.75116162486293e-09,0.880816321889092,2.94209101525666e-14,7.47071342225005e-14,NA,"DEs","down"
"ZC155.2",1,0.997176262341675,0,2.34759651908244,1,10021.6374148601,1,0.999765802072088,0,0.00407520104325147,0,0,0.00662899369702239,0,66.0803048177376,0.000156744643938334,0.940773933607003,0.00017753921240418,0.968929515301645,2.94209101525666e-14,7.47071342225005e-14,NA,"DEs","down"
"hlh-32",0.975481229098721,0.959384232514518,5.81618074106633,4.99804326677807,1.23240323767577,1.19679004156143,0.174844088031382,0.193191645681621,0.117477592829706,0.161703977396218,0.726497855657896,0.142605633802817,0.202999347967833,0.702493063304883,65.3481781975133,4.96191976395721e-12,0.0732729900591439,6.57957717059013e-12,0.0778545267381331,4.22994972382185e-14,1.07062059882515e-13,NA,"DEs","down"
"bath-37",1,0.997069981766314,0,1.79882613335272,1,15218.6836118425,1,0.999881815432547,0,0.00282547272332102,0,0,0.0052705933492719,0,63.2680652951063,0.000159223422079302,0.751347648258259,0.000180280540393071,0.785056655630714,1.17683640610267e-13,2.9430711677326e-13,NA,"DEs","down"
"F07A5.4",0.954792780902234,0.970359936974607,3.09784199171139,3.06877111396283,20.4254905539671,11.9864112020363,0.868307690430517,0.796165131079041,0.0976845924029023,0.0631384481634427,1.54714908656025,0.140044814340589,0.0909584872853727,1.53965636984719,62.8966997761781,2.55351295663786e-15,0.456451661815551,3.62642992804362e-15,0.477943606456535,1.41331391034782e-13,3.52662928100089e-13,NA,"DEs","up"
"oac-41",1,0.997225283350335,0,1.97783464037026,1,14374.4431488729,1,0.999862425102698,0,0.00309715279287111,0,0,0.00548793740491198,0,61.8600129826801,0.000239560885301082,0.866359000776003,0.000270075961466813,0.901862517073118,2.35367281220533e-13,5.84718276126465e-13,NA,"DEs","down"
"sto-3",1,0.997316306853801,0,2.04491978920786,1,12471.1811499696,1,0.999836055261263,0,0.00315148880678113,0,0,0.00548793740491198,0,60.4526762290928,0.000174300327992705,0.83060817863153,0.000197079666012309,0.866256900088076,4.70512517836141e-13,1.16088106290549e-12,NA,"DEs","down"
"sru-38",1,0.997273046746338,0,1.813224062548,1,13157.5463507399,1,0.999862210311053,0,0.00266246468159096,0,0,0.00494457726581178,0,59.0444796655918,0.00143062140929495,0.88157329820005,0.00157424578086047,0.915843075623966,9.4046992415997e-13,2.3077507700444e-12,NA,"DEs","down"
"srh-276",1,0.997288139934719,0,1.72314055287964,1,16887.7302156813,1,0.999897975350857,0,0.00244512062595088,0,0,0.00467289719626168,0,57.6396349980949,0.000380626937480422,0.76263082876239,0.000427000898721435,0.796710914131489,1.87649895622144e-12,4.56296466396078e-12,NA,"DEs","down"
"F36A4.1",1,0.997306542231615,0,1.75507975073715,1,12615.9063475981,1,0.999860902928737,0,0.0024994566398609,0,0,0.0047272332101717,0,57.6374730846511,0.000357845950533453,0.772544999964429,0.000401700420097689,0.806862868731923,1.87849735766576e-12,4.5672076107566e-12,NA,"DEs","down"
"F47B10.3",1,0.99728814082955,0,1.7231341677717,1,10171.0970683466,1,0.999830613916941,0,0.00244512062595088,0,0,0.00467289719626168,0,57.6362418178857,0.000308484793012598,0.811397029022707,0.000346700661367926,0.846507866674549,1.87971860299285e-12,4.56956016077712e-12,NA,"DEs","down"
"nhr-255",1,0.997453274513281,0,1.92019746414308,1,10670.3114169516,1,0.999820075356915,0,0.00271680069550098,0,0,0.00489024125190176,0,56.2309282502277,0.000988014560426409,0.901975714426529,0.00109394620153261,0.934910045577557,3.75033337718378e-12,9.03409628604666e-12,NA,"DEs","down"
"gcy-25",1,0.997612198422828,0,2.18454388554111,1,17183.5022838415,1,0.999872885855105,0,0.00309715279287111,0,0,0.00521625733536188,0,54.8241911636491,0.000623839684212313,0.839613037930918,0.000695350122997891,0.875203708207878,7.48545669893019e-12,1.79308586475105e-11,NA,"DEs","down"
"F47B8.8",1,0.997475916284335,0,1.82979713433073,1,11008.3771687407,1,0.99983380901558,0,0.0024994566398609,0,0,0.00461856118235166,0,54.8232300418628,0.000619330404566409,0.874331805567548,0.000690573860463224,0.909700856734413,7.48900941260899e-12,1.7936983990636e-11,NA,"DEs","down"
"C14E2.1",1,0.997452759745151,0,1.66384347464819,1,16581.6113863068,1,0.999899667378633,0,0.00217344055640078,0,0,0.00423820908498153,0,53.4181415149615,0.00013143159268636,0.895776950299158,0.000149252209594981,0.929110290258093,1.49312784358813e-11,3.54743389556689e-11,NA,"DEs","down"
"dac-1",0.991647039677522,0.981596960107773,7.15340060640299,6.44543065873665,1.24314738406359,0.832727114639113,0.148054579748136,0.114414545626548,0.0499893299189074,0.0982938491632254,0.508570275194899,0.0597524541186513,0.118615518365573,0.503749045167045,53.2135493547785,0,0.309093645720379,0,0.324778994906189,1.65089053538736e-11,3.91708730219132e-11,NA,"DEs","down"
"Y39H10A.1",0.46276683163202,0.997128491449117,0.000496512489509471,14.9298256572043,0.000122729081373692,0.580536679579492,0.198192574827713,0.0374289566532377,0.000160051216389245,0.0387415779178439,0.00413125187437259,0.000266752027315408,0.0428711149750054,0.00622218543816573,52.4169234045318,0.00209930319461005,0.227399610851125,0.00229631673245101,0.240312506921072,2.44088083078964e-11,5.76947114241749e-11,NA,"DEs","up"
"F18G5.1",1,0.997703127314402,0,2.08177346778365,1,12613.0797797367,1,0.999834978453585,0,0.002771136709411,0,0,0.00478156922408172,0,52.0105905762674,0.000617832842510158,0.840569332875009,0.00068915351921459,0.876126411253817,2.97954994010752e-11,7.01963550048652e-11,NA,"DEs","down"
"W01C9.1",0.975750014634724,0.962478590079701,1.9580160275182,1.93470650043803,2.22685569561931,3.23582130526974,0.532120419201232,0.62582030826673,0.030089628681178,0.0428711149750054,0.701862517425094,0.0474818608621426,0.0725929145837861,0.654083957565024,51.7534597660451,8.69435506922756e-08,0.220658113618447,1.0578160621458e-07,0.233248216197278,3.38025163415523e-11,7.95748248280944e-11,NA,"DEs","down"
"trx-1",0.92297616587629,0.935787054830509,4.1655962913316,3.22227309502466,0.485883430917835,0.378501585218535,0.104457819861862,0.105116709272398,0.260776781903542,0.164094762008259,1.58918407091152,0.320849338454972,0.206911540969354,1.55065946032702,51.5473292077659,0.00603933540698098,0.0764679211859451,0.00652100019404082,0.0812422205080066,3.74003050751526e-11,8.78721826074529e-11,NA,"DEs","up"
"scl-26",1,0.99769364170446,0,1.88473583975095,1,12510.2004551467,1,0.999849366767331,0,0.00239078461204086,0,0,0.00434688111280157,0,50.603835252798,0.000579247430332774,0.599819657524169,0.000646523676544644,0.627635313461675,5.94141402743276e-11,1.38779353193606e-10,NA,"DEs","down"
"C46H11.3",0.460494545204744,0.997314777313156,0.000395544874539648,2.67105183996423,0.00015746515616688,14970.7440226978,0.284741952990802,0.999821613718269,0.000106700810926163,0.00467289719626168,0.0228339735381989,0.000213401621852326,0.00717235383612258,0.0297533594588652,49.6944154334323,2.61283021329994e-07,0.142976340037355,3.14755727269535e-07,0.151602419249523,9.28064292082809e-11,2.15352991836217e-10,NA,"DEs","up"
"F13E9.15",1,0.99781315734819,0,2.03744582080541,1,13827.4258314,1,0.999852673543437,0,0.00255379265377092,0,0,0.0044555531406216,0,49.1973163233405,0.000623696856657419,0.841984469337743,0.000695253825010803,0.877527168787835,1.18419274386383e-10,2.73798979382069e-10,NA,"DEs","down"
"ZC477.2",1,0.997813479643361,0,1.8637837481589,1,12557.8423767286,1,0.999851606102536,0,0.0022277765703108,0,0,0.00407520104325147,0,47.7900040247288,0.000507481926482534,0.833513338041774,0.000567657284752571,0.869139595825193,2.36025643474136e-10,5.41893461556013e-10,NA,"DEs","down"
"F59A7.14",1,0.997880891269425,0,1.87179093698698,1,14237.0018498667,1,0.999868543609263,0,0.00217344055640078,0,0,0.00396652901543143,0,46.3845033748127,0.00191534521536063,0.925544189522882,0.00209788878496115,0.95716481280298,4.69825844895411e-10,1.0692751922228e-09,NA,"DEs","down"
"srz-91",1,0.997813108688164,0,1.71439018607183,1,16189.1400636337,1,0.999894113668246,0,0.0019560965007607,0,0,0.00374918495979135,0,46.3841594350536,0.0013353725998364,0.769494010188253,0.0014704853798699,0.803744485419184,4.69905003797066e-10,1.069320266314e-09,NA,"DEs","down"
"srh-207",1,0.997865463562456,0,1.832808064513,1,10599.6271535435,1,0.999827117390326,0,0.00211910454249076,0,0,0.00391219300152141,0,46.3837109178399,0.000729175848169228,0.859554772138517,0.000810268463014782,0.895081970479801,4.70008254538357e-10,1.06942014571395e-09,NA,"DEs","down"
"M04D8.7",1,0.997861456203653,0,1.67691593023661,1,14157.538879101,1,0.999881567174728,0,0.00184742447294067,0,0,0.00358617691806129,0,44.9783798538195,0.00151015777619179,0.829947654875784,0.00165998784820511,0.865641306135257,9.35111321709314e-10,2.10850632940113e-09,NA,"DEs","down"
"nhr-26",1,0.997840405858669,0,1.63541917675644,1,16462.2407516508,1,0.999900666212514,0,0.00179308845903065,0,0,0.00353184090415127,0,44.9777254105463,0.00159412546606352,0.897566844630189,0.00175025628214086,0.930810061097973,9.35410859881358e-10,2.1089177889654e-09,NA,"DEs","down"
"str-4",1,0.998067391107832,0,2.05242201404839,1,18386.4333037764,1,0.999888385479661,0,0.00228211258422082,0,0,0.00396652901543143,0,43.5730505719671,0.00166864418583446,0.861725177780351,0.00182979050907704,0.897190415807819,1.85962734100542e-09,4.15206917530718e-09,NA,"DEs","down"
"str-30",1,0.998122182632914,0,2.02550402445508,1,10946.80252855,1,0.999815002663442,0,0.00217344055640078,0,0,0.00380352097370137,0,42.1654172698213,0.000307972130275669,0.928727684063057,0.000346156066508187,0.959977717128712,3.70058472753954e-09,8.18994261874808e-09,NA,"DEs","down"
"cutl-4",1,0.99819858541119,0,2.35271164771045,1,15166.7258166973,1,0.999844900819564,0,0.00260812866768094,0,0,0.00423820908498153,0,42.1654109105417,0.00293697992670838,0.934126273812784,0.00319812556982917,0.963694162901817,3.70059627385899e-09,8.18994261874808e-09,NA,"DEs","down"
"Y44A6D.7",1,0.99801709028173,0,1.72633622336371,1,14106.9699555612,1,0.999877640273229,0,0.00179308845903065,0,0,0.00342316887633123,0,42.1652764503674,0.000562229496412714,0.809203367509425,0.000628041290761142,0.844433803804516,3.70083941270138e-09,8.18994261874808e-09,NA,"DEs","down"
"ZK697.8",1,0.998022439240825,0,1.59362426449639,1,15332.8172537632,1,0.999896075286024,0,0.00157574440339057,0,0,0.00315148880678113,0,40.7600626872313,0.00119379349991688,0.894688932413319,0.00131799766278125,0.928216222933229,7.35207994484455e-09,1.61236772861257e-08,NA,"DEs","down"
"str-131",1,0.998085058325992,0,1.73086049568411,1,17142.7211466297,1,0.999899042530204,0,0.00173875244512063,0,0,0.00331449684851119,0,40.7596984581185,0.0013376869244055,0.845798455494499,0.00147290221723798,0.881203972236129,7.35338756552295e-09,1.61236772861257e-08,NA,"DEs","down"
"ceh-1",1,0.99806572163998,0,1.68546621954061,1,16819.5088782159,1,0.999899801037606,0,0.00168441643121061,0,0,0.00326016083460117,0,40.7591801974733,0.00129207827019362,0.878196205793099,0.00142382864837079,0.912565557976634,7.35524874340143e-09,1.61236772861257e-08,NA,"DEs","down"
"gpa-6",1,0.998044892207577,0,1.63972307723867,1,13399.1504871909,1,0.999877639821868,0,0.00163008041730059,0,0,0.00320582482069115,0,40.7585564410811,0.00124351726581129,0.872145522042592,0.00137154276766294,0.90750277293621,7.35748928448743e-09,1.61236772861257e-08,NA,"DEs","down"
"nhr-253",1,0.998044903263163,0,1.63972715668798,1,14383.9418868603,1,0.999886015928957,0,0.00163008041730059,0,0,0.00320582482069115,0,40.7585529982907,0.00124339776350801,0.872068126505188,0.00137154276766294,0.907498886607308,7.3575017189853e-09,1.61236772861257e-08,NA,"DEs","down"
"C12D5.10",1,0.998187428184772,0,1.82861349439319,1,14349.8864525883,1,0.999872585716343,0,0.00179308845903065,0,0,0.00331449684851119,0,39.3534224154332,0.0030539066625207,0.939272620647219,0.00332427373054029,0.967464149015445,1.46078773521907e-08,3.1709310655252e-08,NA,"DEs","down"
"F54E2.9",1,0.998217285662618,0,1.92020045144647,1,12206.5702753527,1,0.999842715980714,0,0.00190176048685068,0,0,0.00342316887633123,0,39.3532047391914,0.00232626300089145,0.894769127795368,0.00254096641288968,0.928221257531066,1.46094288888676e-08,3.1709310655252e-08,NA,"DEs","down"
"srz-29",1,0.998187425428874,0,1.82861256258934,1,11954.3769040472,1,0.999847057449786,0,0.00179308845903065,0,0,0.00331449684851119,0,39.3528370088845,0.00157129979337378,0.801926135119037,0.00172642588552261,0.836910629789626,1.46120502364511e-08,3.1709310655252e-08,NA,"DEs","down"
"sri-28",1,0.998133803603974,0,1.68872069522445,1,11228.0029843401,1,0.999849620030578,0,0.00163008041730059,0,0,0.00315148880678113,0,39.3513493834184,0.00119787063844468,0.932121290443025,0.00132238048975255,0.961867350553486,1.46226596386967e-08,3.17285121101722e-08,NA,"DEs","down"
"gur-3",1,0.998360885756265,0,2.25417439659823,1,11960.3213632246,1,0.999811564458715,0,0.0022277765703108,0,0,0.00369484894588133,0,37.9465063467763,0.0237262766609471,0.892187699381118,0.0251123478060883,0.925777179851375,2.90115006462699e-08,6.22536884946207e-08,NA,"DEs","down"
"F13E9.12",1,0.998181222909455,0,1.64312612489123,1,18014.3314970771,1,0.999908796156786,0,0.00152140838948055,0,0,0.00298848076505108,0,37.9464959284634,0.00107290256930259,0.797578699463578,0.00118644283760954,0.832444050948093,2.90116480838876e-08,6.22536884946207e-08,NA,"DEs","down"
"hmit-1.2",1,0.997430178999477,0,2.43154797730005,1,0.460403975587038,1,0.159201806630089,0,0.0047272332101717,0,0,0.00624864159965225,0,37.9464640648264,5.30303356782724e-10,0.999848983698838,6.75769275503016e-10,0.99997928026484,2.9012098612391e-08,6.22536884946207e-08,NA,"DEs","down"
"F23D12.3",1,0.99828733537292,0,3.90229563673111,1,1.53634056874238,1,0.282486364356599,0,0.00505324929363182,0,0,0.00668332971093241,0,37.9464640644974,4.04522082497749e-10,0.999946058110661,5.1617939475632e-10,0.99997928026484,2.9012098612391e-08,6.22536884946207e-08,NA,"DEs","down"
"srz-66",1,0.998201871143708,0,1.6922128685105,1,11200.8737179267,1,0.999848944172347,0,0.00157574440339057,0,0,0.0030428167789611,0,37.9455717053078,0.00117827633032785,0.920559046094754,0.00130133253156783,0.952649092640687,2.90247216261363e-08,6.2273357724958e-08,NA,"DEs","down"
"acr-23",1,0.998238613001312,0,1.78920774527362,1,10317.6348531806,1,0.999826617480325,0,0.00168441643121061,0,0,0.00315148880678113,0,37.9452322448228,0.0016294358997444,0.9090059563365,0.0017880689663179,0.941800805825051,2.90295248950301e-08,6.2276246786004e-08,NA,"DEs","down"
"math-38",0.998340621225594,1,2.02550250069656,0,14877.8102604567,1,0.999863876017655,1,0.00192061459667093,0,Inf,0.00336107554417414,0,Inf,36.9574927381057,0.000359103254786164,0.8789506553162,0.00040303836193546,0.9132725034575,4.69765715216397e-08,1.00181097601073e-07,NA,"DEs","up"
"sri-32",1,0.998288869934753,0,1.74649543714679,1,19642.3700702649,1,0.999911093205372,0,0.00157574440339057,0,0,0.00298848076505108,0,36.5405612553774,0.00160277802415676,0.886412679246649,0.0017594426853436,0.920094718031739,5.75542562497589e-08,1.22434464587986e-07,NA,"DEs","down"
"srh-3",1,0.998269929268032,0,1.69596133909455,1,16435.4802789212,1,0.999896821612526,0,0.00152140838948055,0,0,0.00293414475114106,0,36.54020445051,0.00158297802494634,0.838162079525474,0.00173848183877151,0.873765173443378,5.75642582489877e-08,1.22441284133856e-07,NA,"DEs","down"
"C02B8.12",1,0.998408130443425,0,2.18454509084057,1,13018.3893640249,1,0.999832223594283,0,0.00206476852858074,0,0,0.00347750489024125,0,36.5397183628407,0.0054268897108013,0.899956041613643,0.00586690779546086,0.932973614328516,5.75778870137711e-08,1.2245581542204e-07,NA,"DEs","down"
"ser-1",1,0.998243928073886,0,1.48520548470119,1,16206.2148742824,1,0.999908364204829,0,0.00135840034775049,0,0,0.00260812866768094,0,35.1349215184866,0.0054899788687387,0.731167008037919,0.00593459152960084,0.764165044030129,1.14085366820227e-07,2.40028257460377e-07,NA,"DEs","down"
"sre-6",1,0.998337986104106,0,1.70002953493341,1,14967.6482513224,1,0.99988643262866,0,0.00146707237557053,0,0,0.00282547272332102,0,35.1346124144366,0.00309811651606562,0.936837911964587,0.00337061069215193,0.965521421733621,1.14102524761961e-07,2.4003632486122e-07,NA,"DEs","down"
"srt-12",1,0.998374064666337,0,1.80458260871105,1,12098.3136308956,1,0.99985086239846,0,0.00157574440339057,0,0,0.00293414475114106,0,35.1343434524882,0.0109797810618775,0.919311672639425,0.0117453245361058,0.951598034525098,1.14117456595508e-07,2.40039707883792e-07,NA,"DEs","down"
"irld-30",1,0.998356767840108,0,1.75253061840123,1,13936.3771288544,1,0.99987426357329,0,0.00152140838948055,0,0,0.00287980873723104,0,35.1336249323701,0.00476599246139242,0.925865703624702,0.0051632981994684,0.957416943818729,1.1415735590159e-07,2.4009560167208e-07,NA,"DEs","down"
"Y34F4.6",1,0.99838568440759,0,1.64928386907575,1,16787.9518870346,1,0.999901767537401,0,0.00135840034775049,0,0,0.00266246468159096,0,33.7288289425665,0.0066206951746296,0.84553241275653,0.00713934044213888,0.881001296106262,2.26029656991145e-07,4.69857287353345e-07,NA,"DEs","down"
"F58F6.6",1,0.998441741003995,0,1.81322407504792,1,13275.0687162901,1,0.999863429976768,0,0.00152140838948055,0,0,0.00282547272332102,0,33.728776993512,0.00401923507975599,0.881187586801765,0.00436042410906955,0.915519570703132,2.26035363537491e-07,4.69857287353345e-07,NA,"DEs","down"
"Y38E10A.9",1,0.99842465039235,0,1.75906146287809,1,13632.7557850151,1,0.999870984667758,0,0.00146707237557053,0,0,0.002771136709411,0,33.7284233741035,0.00244387703355253,0.725374785663358,0.00266777999764019,0.758368750795364,2.26074211906457e-07,4.69883825762198e-07,NA,"DEs","down"
"ZC132.9",1,0.998497747131313,0,2.02550240648211,1,14183.0842585264,1,0.999857209253885,0,0.00173875244512063,0,0,0.0030428167789611,0,33.7281201072582,0.000552295759534527,0.901349199158263,0.000617199944328195,0.934339262400488,2.26107533918274e-07,4.69898873119347e-07,NA,"DEs","down"
"F54D1.1",1,0.998509379109408,0,1.82259636748038,1,14209.6513193283,1,0.999871751770556,0,0.00146707237557053,0,0,0.00271680069550098,0,32.3229568561124,0.00115414312721884,0.917976333906553,0.00127502181916572,0.950375498632667,4.47421045324248e-07,9.21690857513064e-07,NA,"DEs","down"
"srz-11",1,0.998492514125154,0,1.76615176628489,1,18152.387276706,1,0.999902713625659,0,0.00141273636166051,0,0,0.00266246468159096,0,32.3228433425459,0.00101769939980123,0.896973505589915,0.00112620646775812,0.930273052350177,4.47445699158777e-07,9.21690857513064e-07,NA,"DEs","down"
"F09C12.2",1,0.998585809421836,0,2.15163113836635,1,11748.6194605869,1,0.999816894472578,0,0.00179308845903065,0,0,0.0030428167789611,0,32.3224930491503,0.0018918786437857,0.866050885200515,0.00207236995567172,0.901617957213989,4.47521787405591e-07,9.21690857513064e-07,NA,"DEs","down"
"F22H10.1",1,0.998474058317549,0,1.70919284679905,1,13226.7984124719,1,0.999870794733783,0,0.00135840034775049,0,0,0.00260812866768094,0,32.3220933458045,0.00086505091604494,0.895721236156366,0.000959178047491105,0.929110290258093,4.47608623832529e-07,9.21690857513064e-07,NA,"DEs","down"
"ZC196.8",1,0.998492501483328,0,1.7661506996917,1,10112.0442533937,1,0.999825372374098,0,0.00141273636166051,0,0,0.00266246468159096,0,32.3219281574325,0.00135772597520178,0.935917415698364,0.00149469967067161,0.964843684550564,4.47644516343715e-07,9.21690857513064e-07,NA,"DEs","down"
"ZK757.10",1,0.998595422978463,0,2.20504303890865,1,10445.4294148454,1,0.999788943320347,0,0.00184742447294067,0,0,0.00309715279287111,0,32.3219201369649,0.0117607731921524,0.943617601282677,0.0125731278833146,0.970578925708701,4.47646259060797e-07,9.21690857513064e-07,NA,"DEs","down"
"ZK402.1",0.998460033972715,1,1.5936248502391,0,10498.9414924979,1,0.999848233939277,1,0.00122705932565087,0,Inf,0.00245411865130175,0,Inf,31.4797019617899,0.00012625078171935,0.910070223522859,0.000143461504407157,0.942824180440769,6.73622529978601e-07,1.38223046698115e-06,NA,"DEs","up"
"R09H10.1",1,0.998576974633805,0,1.83280546626324,1,17540.3474644978,1,0.999895520087124,0,0.00141273636166051,0,0,0.00260812866768094,0,30.916554481032,0.0116829965570833,0.928572291536313,0.0124910628814776,0.959977717128712,8.85141545170498e-07,1.80632429060593e-06,NA,"DEs","down"
"srbc-61",1,0.998542075277899,0,1.7143936473459,1,18796.6459605546,1,0.999908800894597,0,0.00130406433384047,0,0,0.0024994566398609,0,30.9163828240834,0.00325265488895476,0.911725442362145,0.00353717964797623,0.944300752408711,8.85215206580803e-07,1.80632429060593e-06,NA,"DEs","down"
"lgc-37",1,0.998521976305917,0,1.65431761837257,1,11737.1551351403,1,0.999859072793963,0,0.00124972831993045,0,0,0.00244512062595088,0,30.9161117376892,0.00206892764291855,0.785220293506893,0.00226349245722019,0.819823221695333,8.85331547739732e-07,1.80635709672469e-06,NA,"DEs","down"
"srh-131",1,0.998630674233586,0,2.0634057963191,1,10437.0437560918,1,0.999802338862479,0,0.00163008041730059,0,0,0.00282547272332102,0,30.9157269715367,0.00111913564092558,0.923530330047969,0.00123668051809159,0.955483176536024,8.85496702629496e-07,1.80648015967649e-06,NA,"DEs","down"
"irld-12",1,0.998618902821586,0,2.00647481642955,1,10855.1519727378,1,0.999815193374388,0,0.00157574440339057,0,0,0.002771136709411,0,30.9154061139222,0.000536428271346479,0.937648149071919,0.000599872588090099,0.966194814031954,8.85634449332429e-07,1.80648015967649e-06,NA,"DEs","down"
"W02H3.1",1,0.998542074644204,0,1.71439273600346,1,10706.7330290257,1,0.999839902773158,0,0.00130406433384047,0,0,0.0024994566398609,0,30.9152704995402,0.00701763952872581,0.899801646574512,0.00756010134609146,0.932970567732536,8.85692675978156e-07,1.80648015967649e-06,NA,"DEs","down"
"F41H8.1",1,0.99871715479711,0,2.20250729854896,1,14725.7571846656,1,0.999850454010969,0,0.00168441643121061,0,0,0.00282547272332102,0,29.5113039354683,0.00219851936960402,0.893593631197809,0.00240377694653191,0.92715795320507,1.74850996359499e-06,3.52440764199232e-06,NA,"DEs","down"
"pgp-7",1,0.998590115848709,0,1.65719198121238,1,16225.0037619821,1,0.99989787227416,0,0.00119539230602043,0,0,0.00233644859813084,0,29.51079507815,0.00998487165904716,0.85176549185228,0.0107083828756491,0.887345751701343,1.74894074356224e-06,3.5248815791495e-06,NA,"DEs","down"
"lgc-48",1,0.998628130425472,0,1.78232769938951,1,13528.1050515212,1,0.999868267366207,0,0.00130406433384047,0,0,0.00244512062595088,0,29.5101211288941,0.000681612841204937,0.926752644226576,0.000758236587236553,0.958253678293866,1.74951144715774e-06,3.52524306363872e-06,NA,"DEs","down"
"Y38H6C.4",1,0.998590116021578,0,1.6571921206962,1,11402.0393770845,1,0.999854679391841,0,0.00119539230602043,0,0,0.00233644859813084,0,29.5097560734844,0.00998856278208782,0.852045950091417,0.0107110360758397,0.887562873520441,1.74982065559437e-06,3.5254718106898e-06,NA,"DEs","down"
"oac-50",1,0.998567973215683,0,1.59362420445985,1,10757.8099244258,1,0.999851885450968,0,0.00114105629211041,0,0,0.00228211258422082,0,29.5094737824293,0.00344555593879858,0.932757181665909,0.00374398034626906,0.962362321256511,1.75005979852205e-06,3.5255593570584e-06,NA,"DEs","down"
"nhr-268",1,0.998695897940713,0,1.79161483560477,1,16351.6488935813,1,0.999890444164659,0,0.00124972831993045,0,0,0.00233644859813084,0,28.1052697487946,0.00300983344714911,0.963244601391949,0.00327658814781983,0.973650058261781,3.45186148453802e-06,6.87118239777207e-06,NA,"DEs","down"
"R09D1.13",1,0.998752038478613,0,2.04636741409013,1,12627.4005992,1,0.999837968565092,0,0.00146707237557053,0,0,0.00255379265377092,0,28.104650028108,0.00246660931141363,0.904846040059744,0.00269226370742503,0.937727390102291,3.45289563330464e-06,6.87118239777207e-06,NA,"DEs","down"
"F59A7.2",1,0.9987931393614,0,12.2916002058735,1,0.838849526158352,1,0.0638858183289768,0,0.0133123234079548,0,0,0.0148337317974353,0,28.104648653606,2.36820073551414e-08,0.999359576279771,2.91879082248241e-08,0.99984651451736,3.45289792735848e-06,6.87118239777207e-06,NA,"DEs","down"
"srh-74",1,0.99865825079618,0,1.66035244332521,1,18309.9795422942,1,0.999909328031085,0,0.00114105629211041,0,0,0.0022277765703108,0,28.1046365007219,0.00120402584729751,0.941471598541084,0.00132893732652798,0.969031912008926,3.45291821035598e-06,6.87118239777207e-06,NA,"DEs","down"
"Y38H6C.13",1,0.998658251516997,0,1.66035156281745,1,14540.2159830659,1,0.999885822742223,0,0.00114105629211041,0,0,0.0022277765703108,0,28.1045064371749,0.00120424799373708,0.94163206170756,0.00132906344914816,0.969031912008926,3.45313529248603e-06,6.87118239777207e-06,NA,"DEs","down"
"srh-68",1,0.998636164988559,0,1.59362425529646,1,12922.2200974251,1,0.999876690867757,0,0.00108672027820039,0,0,0.00217344055640078,0,28.1041509794993,0.00118338719378186,0.960688274079041,0.00130662575975914,0.973650058261781,3.45372863730375e-06,6.87160410045991e-06,NA,"DEs","down"
"cutl-10",0.978286421822933,0.968366146526631,1.7346440861507,1.81040707842726,0.723432501297111,0.826290813284257,0.294308364918866,0.313380920841068,0.0246478873239437,0.0366224733753532,0.67302628829356,0.0376653862569356,0.0572701586611606,0.657679097412374,27.0873644099884,0.000718447509962417,0.48460969149957,0.000798635145965621,0.507341213398598,5.64422002580223e-06,1.11473654883636e-05,NA,"DEs","down"
"sri-72",1,0.998726380042764,0,1.66384440879232,1,17968.9476794893,1,0.999907413033409,0,0.00108672027820039,0,0,0.00211910454249076,0,26.699431978648,0.0211748744882511,0.934369620489711,0.0224853002667862,0.963864500078141,6.80644667405694e-06,1.3405132003764e-05,NA,"DEs","down"
"srh-137",1,0.998746024617458,0,1.73324021724128,1,15468.0371617959,1,0.999887959538364,0,0.00114105629211041,0,0,0.00217344055640078,0,26.6993440276033,0.00835826317278476,0.958848455246859,0.0089839297058723,0.973650058261781,6.80673554454003e-06,1.3405132003764e-05,NA,"DEs","down"
"srx-117",1,0.998779457110358,0,1.86975465101247,1,16992.2783792823,1,0.999889976559209,0,0.00124972831993045,0,0,0.00228211258422082,0,26.6988210204258,0.0207884065630729,0.92873168916048,0.0220787214531947,0.959977717128712,6.808453586582e-06,1.34052342764542e-05,NA,"DEs","down"
"C43F9.7",1,0.998726379869835,0,1.6638434734138,1,10033.5264509037,1,0.999834199110868,0,0.00108672027820039,0,0,0.00211910454249076,0,26.6986181135617,0.02118712094775,0.934840350612651,0.0224963656016789,0.96418862449124,6.80912023787172e-06,1.34052342764542e-05,NA,"DEs","down"
"ZC190.6",1,0.998818423981992,0,2.06937224173436,1,13461.6257157593,1,0.999846299828672,0,0.00141273636166051,0,0,0.00244512062595088,0,26.698422261922,0.0108120429113765,0.899623318055484,0.0115709145820152,0.932864176285124,6.80976377098741e-06,1.34052342764542e-05,NA,"DEs","down"
"C32A9.1",1,0.998746024333682,0,1.73324022948428,1,10289.1333854165,1,0.999831574901071,0,0.00114105629211041,0,0,0.00217344055640078,0,26.6981095654265,0.0176040912117841,0.888830750865897,0.0187322856908948,0.922449233482256,6.81079136088947e-06,1.34057923257713e-05,NA,"DEs","down"
"F48B9.3",0.998828359971172,1,2.04906640729603,0,44.8900886894653,1,0.95634632956064,1,0.00138711054204012,0,Inf,0.00240076824583867,0,Inf,26.002923307667,0.022516199105411,0.999168709385164,0.0238664349116978,0.999736741624723,9.52397503029001e-06,1.86342239515318e-05,NA,"DEs","up"
"grl-9",1,0.998831306282761,0,1.81322545191296,1,17853.0674324306,1,0.999898446509576,0,0.00114105629211041,0,0,0.00211910454249076,0,25.2940642628784,0.00128488805113669,0.93140844135477,0.00141617469130099,0.96130287160926,1.34018305836259e-05,2.60441452945134e-05,NA,"DEs","down"
"srw-87",1,0.998846815326177,0,1.88473199777723,1,18884.5370523322,1,0.999900207036606,0,0.00119539230602043,0,0,0.00217344055640078,0,25.2940282861001,0.00160576491826614,0.958824975621427,0.00176256448619377,0.973650058261781,1.34020628087539e-05,2.60441452945134e-05,NA,"DEs","down"
"Y22D7AR.3",1,0.998831306129426,0,1.8132242554193,1,17563.4030482316,1,0.999896771879874,0,0.00114105629211041,0,0,0.00211910454249076,0,25.2938240600344,0.00128490265416903,0.931418212532446,0.00141617469130099,0.96130287160926,1.3403381135535e-05,2.60441452945134e-05,NA,"DEs","down"
"cutl-1",0.998794813400943,1,1.59362426207345,0,18095.6423678943,1,0.999911941013381,1,0.00101365770379855,0,Inf,0.00192061459667093,0,Inf,24.6342562317761,0.00282895975405184,0.761006851034732,0.00308268036174763,0.795081784663152,1.84124867711466e-05,3.55426295584461e-05,NA,"DEs","up"
"grl-25",0.990726605533107,0.994966269821305,2.83625869235045,2.74177675652678,65.5044792821417,13.445575176222,0.958498272386098,0.830622280412655,0.0176056338028169,0.00912845033688329,1.92865526492287,0.0263017498932992,0.013801347533145,1.90573781510346,24.3549927457889,4.43012293516176e-11,0.144161674662899,5.76032871358237e-11,0.152846112895604,2.1060028742359e-05,4.054038656078e-05,NA,"DEs","up"
"F37A8.1",1,0.998840740239462,0,1.59362425571763,1,13850.0909135256,1,0.999884950869956,0,0.000923712236470333,0,0,0.00184742447294067,0,23.8879481656188,0.010679649118857,0.950612766178535,0.0114322075892187,0.972800837222323,2.63623060251517e-05,5.05623535235771e-05,NA,"DEs","down"
"srz-103",1,0.998927659077638,0,1.9761481603022,1,18940.7403286677,1,0.999895677678398,0,0.00119539230602043,0,0,0.00211910454249076,0,23.8878036405906,0.0191575721545663,0.888097670974945,0.0203694907175504,0.921766074676607,2.63641373084988e-05,5.05623535235771e-05,NA,"DEs","down"
"E03G2.1",1,0.998840740164277,0,1.59362798091413,1,15814.5356110695,1,0.999899240328855,0,0.000923712236470333,0,0,0.00184742447294067,0,23.8877016858488,0.010678562292887,0.95052674325612,0.0114320374911686,0.972793609978019,2.63654292580462e-05,5.05623535235771e-05,NA,"DEs","down"
"T13F3.7",1,0.998985047276628,0,2.40909792476804,1,15586.7887100524,1,0.999845463637421,0,0.00152140838948055,0,0,0.00244512062595088,0,23.8876262228241,1.06820533185559e-05,0.912497637710749,1.2420054443621e-05,0.945021090836956,2.63663855506469e-05,5.05623535235771e-05,NA,"DEs","down"
"Y47D3A.34",1,0.998881891179575,0,1.74945297562576,1,18903.9242102553,1,0.999907464129193,0,0.00103238426429037,0,0,0.0019560965007607,0,23.8875924114644,0.0121559392365213,0.931585204896595,0.0129922071132074,0.961394682888763,2.63668140306761e-05,5.05623535235771e-05,NA,"DEs","down"
"lips-8",1,0.998881884659014,0,1.74945677653641,1,14047.9674730404,1,0.999875480994722,0,0.00103238426429037,0,0,0.0019560965007607,0,23.8875539129428,0.00951642900581173,0.932446608473637,0.0102109741640481,0.96212246368469,2.63673019179622e-05,5.05623535235771e-05,NA,"DEs","down"
"cyp-33C11",1,0.998840739293916,0,1.59362463518523,1,10883.8802318858,1,0.999853600802667,0,0.000923712236470333,0,0,0.00184742447294067,0,23.887082489624,0.0106820339720021,0.950801524539004,0.0114327737412098,0.972832387868161,2.63732769411051e-05,5.05646349791433e-05,NA,"DEs","down"
"T21D9.2",1,0.998840740342863,0,1.59362438246987,1,11726.9384484547,1,0.999864124139954,0,0.000923712236470333,0,0,0.00184742447294067,0,23.8870171684223,0.010681233379761,0.950738159232796,0.0114327737412098,0.972832387868161,2.63741049566502e-05,5.05646349791433e-05,NA,"DEs","down"
"R11A5.3",0.913152857022678,0.927014108792207,2.42895151160229,2.38826957390816,20.5824305864992,18.3818722497461,0.894445648625222,0.885014286653149,0.132842509603073,0.108726363833949,1.22180587043226,0.210947503201024,0.174309932623343,1.21018636188019,23.385958259747,0,0.06243559857202,0,0.0663853089157924,3.35525331048858e-05,6.40545127071763e-05,NA,"DEs","up"
"srh-44",1,0.998930722830927,0,1.67691626888029,1,14548.6883905355,1,0.999884750916316,0,0.000923712236470333,0,0,0.00179308845903065,0,22.4825614126481,0.00641153876040623,0.920672226790264,0.00691622077998466,0.95268619469646,5.17611721991829e-05,9.79688784382225e-05,NA,"DEs","down"
"Y18D10A.23",1,0.998930722892089,0,1.67691661686348,1,18844.2832299921,1,0.99991101983641,0,0.000923712236470333,0,0,0.00179308845903065,0,22.4823569245875,0.0064104594310137,0.920532773457027,0.00691566201314263,0.952649092640687,5.17662478992653e-05,9.79688784382225e-05,NA,"DEs","down"
"sru-45",1,0.998949766824649,0,1.75906126600426,1,14411.6772965864,1,0.999877956843716,0,0.000978048250380352,0,0,0.00184742447294067,0,22.4821079924535,0.00649924829064974,0.938545918130321,0.00700960684065524,0.966877306745176,5.17724274370357e-05,9.79688784382225e-05,NA,"DEs","down"
"W03G9.10",1,0.998908931925224,0,1.59361926828757,1,14585.4789599355,1,0.999890751262144,0,0.000869376222560313,0,0,0.00173875244512063,0,22.4820722066753,0.00629461705406309,0.965032985878255,0.00679425986560866,0.973650058261781,5.17733158503786e-05,9.79688784382225e-05,NA,"DEs","down"
"pgp-9",1,0.998930722960481,0,1.67691661309578,1,12935.5847406614,1,0.999870380869034,0,0.000978048250380352,0,0,0.00179308845903065,0,22.4820559189528,0.0127099043607997,0.925410734350954,0.0135748610078068,0.957109775336265,5.17737202123669e-05,9.79688784382225e-05,NA,"DEs","down"
"str-243",1,0.999034553337491,0,2.30750858939469,1,13402.0022871695,1,0.999827853233434,0,0.00135840034775049,0,0,0.0022277765703108,0,22.4820417256475,0.0173513881342001,0.957236599244371,0.0184713645393023,0.973650058261781,5.17740725805016e-05,9.79688784382225e-05,NA,"DEs","down"
"F15H9.1",1,0.999016648603473,0,2.15497991596909,1,10182.9659718198,1,0.999788418819356,0,0.00124972831993045,0,0,0.00211910454249076,0,22.4816159045549,0.0197547589598041,0.955558655469041,0.0209899638106758,0.973650058261781,5.17846452816606e-05,9.79785937192184e-05,NA,"DEs","down"
"ZC404.16",1,0.998949766880521,0,1.75906133003556,1,10129.7476827939,1,0.999826377124897,0,0.000978048250380352,0,0,0.00184742447294067,0,22.4812167508066,0.00650134722637452,0.938818556753834,0.00701125681275684,0.967077309298263,5.17945578132339e-05,9.79870580240704e-05,NA,"DEs","down"
"ins-23",0.463990249195763,0.998509061180576,0.000199063413316056,3.64440788711089,7.92320487603149e-05,0.728065519089899,0.284704781634462,0.166511137164928,5.33504054630815e-05,0.00418387307107151,0.0127514397680851,0.000106700810926163,0.00543360139100196,0.019637217242851,21.8622136702367,0.0113007438891075,0.779973371046474,0.0120865669514545,0.814552168457452,6.96819930118275e-05,0.000131125003770742,NA,"DEs","up"
"F52G3.4",0.998593943504077,0.463994811861693,1.59362287382055,0.000202742657524279,17956.9996699226,8.06967492961863e-05,0.999911261263739,0.284705469156238,0.00112035851472471,5.43360139100196e-05,20.6190781049936,0.00224071702944942,0.000108672027820039,20.6190781049936,21.0818452243216,0.000246422244628675,0.0655476888134857,0.000277735070334395,0.0696702205316318,0.000101235218891271,0.000189216070499548,NA,"DEs","down"
"srw-113",1,0.999061091983253,0,2.02550239497148,1,19148.9012275103,1,0.999894234758268,0,0.00108672027820039,0,0,0.00190176048685068,0,21.0771750228289,0.0307485096882819,0.945340096083728,0.0323696179919365,0.971196629732449,0.000101461588732477,0.000189542197102028,NA,"DEs","down"
"nhr-189",1,0.998998815455914,0,1.68242455532433,1,17216.6827559741,1,0.999902288949172,0,0.000869376222560313,0,0,0.00168441643121061,0,21.0766906568063,0.0108885731618044,0.949788098299946,0.0116507921967544,0.972346350626965,0.000101485095322262,0.000189542197102028,NA,"DEs","down"
"C50B6.1",1,0.998977123432164,0,1.59362400150185,1,16873.4183831652,1,0.999905563089328,0,0.000815040208650293,0,0,0.00163008041730059,0,21.0764945648402,0.0278548781688779,0.949974458221496,0.0293660875441191,0.972346350626965,0.000101494613331754,0.000189542197102028,NA,"DEs","down"
"T09E11.10",1,0.999091281468719,0,2.27217311208293,1,11745.0298162784,1,0.999806579152035,0,0.00124972831993045,0,0,0.00206476852858074,0,21.0763093715128,0.0237624998613173,0.942141140728549,0.0251442066728016,0.969203311103518,0.000101503603153974,0.000189542197102028,NA,"DEs","down"
"sra-6",1,0.999061091954319,0,2.02550238685649,1,13706.2699264601,1,0.999852242578418,0,0.00108672027820039,0,0,0.00190176048685068,0,21.0763018967018,0.0237305443531692,0.931093484165183,0.0251147071927708,0.961128757847931,0.0001015039660196,0.000189542197102028,NA,"DEs","down"
"srt-65",1,0.999017615877397,0,1.76993133695046,1,16067.7768537584,1,0.999889858042631,0,0.000923712236470333,0,0,0.00173875244512063,0,21.0762439911907,0.023695219728828,0.95443209476411,0.0250859420004435,0.973650058261781,0.000101506777094085,0.000189542197102028,NA,"DEs","down"
"srj-11",1,0.999017614407563,0,1.76993723530744,1,10317.6022466069,1,0.999828484019786,0,0.000923712236470333,0,0,0.00173875244512063,0,21.0762078564592,0.0237040479306559,0.954740600146082,0.025093132024891,0.973650058261781,0.000101508531326067,0.000189542197102028,NA,"DEs","down"
"T02E1.7",1,0.999061092107937,0,2.02550291741372,1,12775.258098313,1,0.99984147624952,0,0.00108672027820039,0,0,0.00190176048685068,0,21.0760764227201,0.0233559147117338,0.938420141594065,0.0247288474775318,0.966828578728791,0.000101514912291156,0.000189542197102028,NA,"DEs","down"
"Y38E10A.2",1,0.99911537563858,0,1.96552664948912,1,19388.8583256728,1,0.999898636248544,0,0.000978048250380352,0,0,0.00173875244512063,0,19.6713281732171,0.0155888900486202,0.0527185929185792,0.0166166400241392,0.0560681167780469,0.000198554493178849,0.000365081647205316,NA,"DEs","down"
"Y116A8C.33",1,0.99908541668553,0,1.78232567298499,1,17838.7072842831,1,0.999900096594211,0,0.000869376222560313,0,0,0.00163008041730059,0,19.6709990592335,0.00836929806664155,0.937623919053191,0.00899500586068428,0.966194814031954,0.000198585655695416,0.000365081647205316,NA,"DEs","down"
"Y62H9A.14",1,0.999045319572855,0,1.59362556692518,1,15088.589795444,1,0.99989439322754,0,0.000760704194740274,0,0,0.00152140838948055,0,19.6709570180969,0.00524244350958514,0.954209046592268,0.00567248410662997,0.973650058261781,0.000198589636756896,0.000365081647205316,NA,"DEs","down"
"srh-268",1,0.999085422225129,0,1.78233099847122,1,13307.6357443158,1,0.999866084979194,0,0.000869376222560313,0,0,0.00163008041730059,0,19.6708967582596,0.00837085796184656,0.937780238992314,0.00899589760030963,0.96625010825335,0.000198595343166352,0.000365081647205316,NA,"DEs","down"
"F21C10.1",1,0.999045315499252,0,1.5936240569688,1,10130.4253748019,1,0.999842714067438,0,0.000760704194740274,0,0,0.00152140838948055,0,19.6708850144982,0.00524400785350954,0.954466273659882,0.00567318025599205,0.973650058261781,0.000198596455281086,0.000365081647205316,NA,"DEs","down"
"srv-3",1,0.999045320778041,0,1.59363080773237,1,11281.983428866,1,0.999858765460695,0,0.000760704194740274,0,0,0.00152140838948055,0,19.670817953114,0.00524352192435396,0.954386372661255,0.00567315272749984,0.973650058261781,0.000198602806002146,0.000365081647205316,NA,"DEs","down"
"T25B6.3",1,0.999066900252823,0,1.6887204894912,1,13954.2577115639,1,0.999878996347706,0,0.000815040208650293,0,0,0.00157574440339057,0,19.6707388736889,0.001023532551225,0.910373989933454,0.00113245810786637,0.943059577564967,0.000198610295092716,0.000365081647205316,NA,"DEs","down"
"srz-23",1,0.999066901560043,0,1.68871434037665,1,10088.1225248132,1,0.999832631721214,0,0.000815040208650293,0,0,0.00157574440339057,0,19.6707376148339,0.00102379029111965,0.910586159172328,0.00113264155770421,0.943200057256018,0.000198610414312794,0.000365081647205316,NA,"DEs","down"
"F54E2.5",1,0.999113507355589,0,1.59362436420765,1,13151.2897413854,1,0.999878838402205,0,0.000706368180830254,0,0,0.00141273636166051,0,18.2658551183388,0.0212872538591246,0.94505616900851,0.022587644547603,0.971196629732449,0.000387663253696213,0.000701921293207656,NA,"DEs","down"
"irld-36",1,0.99913496669081,0,1.69597210413519,1,17454.7650383028,1,0.999902845593782,0,0.000760704194740274,0,0,0.00146707237557053,0,18.2658402914877,0.0158913454115159,0.925211519093777,0.0169346402101787,0.957061789692303,0.000387665985191576,0.000701921293207656,NA,"DEs","down"
"srz-19",1,0.999134966895327,0,1.6959723269198,1,11777.0220665509,1,0.999856013844518,0,0.000760704194740274,0,0,0.00146707237557053,0,18.2657601749066,0.0158952863576144,0.925413282776428,0.0169373748422253,0.957109775336265,0.000387680745101315,0.000701921293207656,NA,"DEs","down"
"srg-56",1,0.999113507248279,0,1.59362426398822,1,16568.669860454,1,0.999903826256869,0,0.000706368180830254,0,0,0.00141273636166051,0,18.2657396007785,0.0212842963741375,0.94494181041027,0.022587644547603,0.971196629732449,0.000387684535571364,0.000701921293207656,NA,"DEs","down"
"gcy-27",1,0.999113507246543,0,1.59362426287244,1,17364.2384032802,1,0.999908232196399,0,0.000706368180830254,0,0,0.00141273636166051,0,18.2656987790353,0.0212837749515005,0.944921648021467,0.022587644547603,0.971196629732449,0.000387692056465494,0.000701921293207656,NA,"DEs","down"
"srz-99",1,0.999113507253626,0,1.59362429652408,1,13645.1715941547,1,0.999883223293505,0,0.000706368180830254,0,0,0.00141273636166051,0,18.2656138360758,0.0212867348410691,0.945036100058305,0.022587644547603,0.971196629732449,0.000387707706605345,0.000701921293207656,NA,"DEs","down"
"Y116A8C.469",1,0.9991135072498,0,1.59362425454053,1,16342.6222769495,1,0.999902496132933,0,0.000706368180830254,0,0,0.00141273636166051,0,18.2655669200651,0.0212844537912815,0.94494789740595,0.022587644547603,0.971196629732449,0.000387716350818024,0.000701921293207656,NA,"DEs","down"
"E02H4.7",1,0.999113507457243,0,1.59362462131249,1,14034.440741606,1,0.999886461903716,0,0.000706368180830254,0,0,0.00141273636166051,0,18.2654811787541,0.0212863515142562,0.945021277850433,0.022587644547603,0.971196629732449,0.000387732149036091,0.000701921293207656,NA,"DEs","down"
"irld-52",1,0.999113507385901,0,1.59362522547753,1,12724.2296476684,1,0.999874772327785,0,0.000706368180830254,0,0,0.00141273636166051,0,18.265332019434,0.0212877351522665,0.945074779171918,0.022587644547603,0.971196629732449,0.000387759633829976,0.000701921293207656,NA,"DEs","down"
"cyp-13A7",1,0.999113510194171,0,1.59363085717015,1,11310.1657049586,1,0.99985911733004,0,0.000706368180830254,0,0,0.00141273636166051,0,18.2651838997135,0.0212895883511985,0.945146436175466,0.022587644547603,0.971196629732449,0.000387786928979894,0.000701921293207656,NA,"DEs","down"
"sre-35",1,0.999113507355001,0,1.59362434011044,1,12486.5333029237,1,0.999872388841866,0,0.000706368180830254,0,0,0.00141273636166051,0,18.265100125049,0.0212880172878995,0.945085688479182,0.022587644547603,0.971196629732449,0.000387802367621815,0.000701921293207656,NA,"DEs","down"
"T02E1.6",1,0.999220886241467,0,2.37118649237202,1,10604.8119928969,1,0.99977645464849,0,0.00114105629211041,0,0,0.00184742447294067,0,18.26480527758,0.0119781977974062,0.94363590682945,0.0128033486781228,0.970578925708701,0.000387856709251899,0.000701921293207656,NA,"DEs","down"
"acs-15",0.999129587505116,1,1.59362422093797,0,15462.0566932494,1,0.999896943852957,1,0.00069355527102006,0,Inf,0.00138711054204012,0,Inf,17.7899063125766,0.00761572143009337,0.964405003020984,0.00820011256937164,0.973650058261781,0.000485984105628057,0.000874237608287076,NA,"DEs","up"
"oac-45",0.999247945077407,1,2.55383621783023,0,12895.5837254387,1,0.99980199961385,1,0.00122705932565087,0,Inf,0.00192061459667093,0,Inf,17.7894963312128,0.00757387843129131,0.833796669791067,0.00815577154737427,0.869361456654193,0.00048607868010575,0.000874320437378714,NA,"DEs","up"
"ZK1053.6",0.999129587065882,1,1.59362462798424,0,11250.5321406455,1,0.999858371239246,1,0.00069355527102006,0,Inf,0.00138711054204012,0,Inf,17.7888835954122,0.00761730863605625,0.964585176940041,0.0082011048148399,0.973650058261781,0.000486220060077369,0.000874487431601666,NA,"DEs","up"
"ins-11",0.993966539040043,0.996789818805285,2.92684144217637,2.55585240207081,6.50160420445295,5.86819980584447,0.689573281549041,0.696600598027002,0.0121638924455826,0.00532492936318192,2.28432935273982,0.01765898420828,0.00820473810041295,2.152291028935,17.2116295486544,1.6344767761467e-09,0.281207942757419,2.06192441963212e-09,0.296998015839811,0.000639327478058171,0.00114380574425978,NA,"DEs","up"
"T01C8.3",1,0.999181698561633,0,1.59362404377656,1,19358.9359035353,1,0.999917686959878,0,0.000652032166920235,0,0,0.00130406433384047,0,16.8607441875035,0.0221147635616261,0.956171894961039,0.0234451697007858,0.973650058261781,0.000754909449846464,0.001345337034008,NA,"DEs","down"
"C08E8.4",1,0.999203014225497,0,1.70442190799191,1,19716.0405443461,1,0.999913558984006,0,0.000706368180830254,0,0,0.00135840034775049,0,16.860522960996,0.022915771446561,0.886122748224438,0.0242757502649056,0.920094718031739,0.000754988507535082,0.001345337034008,NA,"DEs","down"
"F44D12.6",1,0.999181698992854,0,1.59362425408973,1,19857.2100940201,1,0.999919752253122,0,0.000652032166920235,0,0,0.00130406433384047,0,16.8603669586186,0.0221145288261577,0.956163067264434,0.0234451697007858,0.973650058261781,0.000755044261620319,0.001345337034008,NA,"DEs","down"
"B0244.11",1,0.999181698980326,0,1.59362435418204,1,19061.2302314547,1,0.999916401454148,0,0.000652032166920235,0,0,0.00130406433384047,0,16.8602691425209,0.0221149096740385,0.956177389802598,0.0234451697007858,0.973650058261781,0.000755079222450328,0.001345337034008,NA,"DEs","down"
"srh-51",1,0.999181699012631,0,1.59362425787563,1,15713.5977530773,1,0.999898593391604,0,0.000652032166920235,0,0,0.00130406433384047,0,16.8602622533554,0.0221169338505043,0.956253512276453,0.0234452439372064,0.973650058261781,0.000755081684794212,0.001345337034008,NA,"DEs","down"
"srd-10",1,0.999248873565362,0,2.02550239006505,1,12779.8273167136,1,0.999841532959366,0,0.000869376222560313,0,0,0.00152140838948055,0,16.8602508125644,0.0282515746545628,0.9453227719008,0.0297766617969214,0.971196629732449,0.000755085774009956,0.001345337034008,NA,"DEs","down"
"F09C6.16",1,0.999248875549791,0,2.02549808514919,1,16813.1792618561,1,0.999879543656229,0,0.000869376222560313,0,0,0.00152140838948055,0,16.8602241885667,0.0282470477610807,0.945192247330118,0.0297744377495306,0.971196629732449,0.000755095290156493,0.001345337034008,NA,"DEs","down"
"M01G12.6",1,0.999181698905717,0,1.5936240127271,1,18959.1983168697,1,0.999915951611215,0,0.000652032166920235,0,0,0.00130406433384047,0,16.8601525518477,0.0221149608029896,0.956179312604844,0.0234451697007858,0.973650058261781,0.000755120895675088,0.001345337034008,NA,"DEs","down"
"srz-59",1,0.999203013487304,0,1.70442438058466,1,15774.4778852625,1,0.999891962177723,0,0.000706368180830254,0,0,0.00135840034775049,0,16.8601392782925,0.0229182136879464,0.886204783236264,0.0242757502649056,0.920094718031739,0.000755125640211962,0.001345337034008,NA,"DEs","down"
"srh-116",1,0.99920301400882,0,1.70442186090245,1,12419.458075883,1,0.99986278080967,0,0.000706368180830254,0,0,0.00135840034775049,0,16.8601325192896,0.0229215141350474,0.886315643089962,0.0242757502649056,0.920094718031739,0.000755128056180276,0.001345337034008,NA,"DEs","down"
"CC8.3",1,0.999203013960335,0,1.70442165526208,1,13410.554267592,1,0.999872920609813,0,0.000706368180830254,0,0,0.00135840034775049,0,16.8600892924781,0.022920367247671,0.886277120198931,0.0242757502649056,0.920094718031739,0.000755143507547573,0.001345337034008,NA,"DEs","down"
"srn-1",1,0.999203020491498,0,1.70442015937371,1,15811.0537117364,1,0.999892212342391,0,0.000706368180830254,0,0,0.00135840034775049,0,16.8600879690696,0.0229181854673467,0.886203835313268,0.0242757502649056,0.920094718031739,0.000755143980603168,0.001345337034008,NA,"DEs","down"
"K02H11.4",1,0.999220870498081,0,1.81322406469657,1,11102.1503419301,1,0.999836704789788,0,0.000760704194740274,0,0,0.00141273636166051,0,16.8599634180115,0.0299694968801639,0.947908106577346,0.0315657178390715,0.972346350626965,0.000755188503000603,0.001345337034008,NA,"DEs","down"
"srh-50",1,0.999203013276191,0,1.70442128500569,1,11652.3003165317,1,0.999853748018527,0,0.000706368180830254,0,0,0.00135840034775049,0,16.8598297245734,0.0229225358624722,0.886349961700916,0.0242757502649056,0.920094718031739,0.000755236296363204,0.001345337034008,NA,"DEs","down"
"K04F1.9",1,0.999203014005356,0,1.70442185692797,1,11534.3100268044,1,0.999852252104528,0,0.000706368180830254,0,0,0.00135840034775049,0,16.8597805196103,0.022922705083992,0.886355645626035,0.0242757502649056,0.920094718031739,0.000755253887142815,0.001345337034008,NA,"DEs","down"
"srw-71",1,0.999203013779702,0,1.70442163824505,1,10898.5033296857,1,0.99984363402266,0,0.000706368180830254,0,0,0.00135840034775049,0,16.8597673642606,0.0229236799675134,0.886388390525912,0.0242757502649056,0.920094718031739,0.000755258590250718,0.001345337034008,NA,"DEs","down"
"srh-214",1,0.999203014031179,0,1.70442186817937,1,10685.6019400818,1,0.999840519040958,0,0.000706368180830254,0,0,0.00135840034775049,0,16.8595464608928,0.0229240323524279,0.88640022655802,0.0242757502649056,0.920094718031739,0.000755337568733694,0.00134534469978312,NA,"DEs","down"
"Y55D5A.2",0.999196542289685,1,1.59362426909065,0,19886.4335992229,1,0.99991987016856,1,0.000640204865556978,0,Inf,0.00128040973111396,0,Inf,16.4207680620941,0.00563056906300707,0.902459833711154,0.00608336497906228,0.935333149770457,0.000929571460291378,0.00164769376511309,NA,"DEs","up"
"Y19D10B.8",0.999171264480009,1,1.48064048694387,0,13533.6957417466,1,0.999890607965118,1,0.000640204865556978,0,Inf,0.00122705932565087,0,Inf,16.4205548063174,0.0123708603112558,0.899941845112603,0.0132161809776857,0.932973614328516,0.000929665174376204,0.00164769776503312,NA,"DEs","up"
"K02E10.6",0.933468126731902,0.921211406493577,2.68067602639601,2.5551371338233,3.55919532779019,3.38734842238939,0.570395626089695,0.570022154929433,0.121585574050363,0.132525537926538,0.917450145478834,0.178350405463082,0.201314931536622,0.885927358203118,15.9676338728823,0,0.476331143147938,0,0.498716723343469,0.00115144264918488,0.00202918818034967,NA,"DEs","down"
"Y92H12BL.1",0.990024006479559,0.994090358852442,1.62040742999951,1.60903212271934,18344.8450440456,15892.5646007558,0.999911677405423,0.999898765915116,0.00816261203585147,0.00478156922408172,1.70709899895239,0.0161651728553137,0.00950880243425342,1.7000219498811,15.9269961019536,0,0.0804442711701818,0,0.0854594654493955,0.00117374110476975,0.0020674735768021,NA,"DEs","up"
"hlh-34",0.986419521579145,0.990507278014371,3.52383120897399,3.20542074586024,4.6198672950022,6.7244400938506,0.567293508317693,0.677193789761752,0.0350512163892446,0.0214083894805477,1.63726544778593,0.0478553137003841,0.030428167789611,1.5727307023962,15.628982161461,0,0.109506070506512,0,0.116242873396539,0.00135090484457667,0.00237165286297928,NA,"DEs","up"
"str-56",1,0.999249890717672,0,1.5936242200792,1,17086.7941359826,1,0.999906742271861,0,0.000597696153010215,0,0,0.00119539230602043,0,15.4552267516648,0.0239887661372358,0.959095489769464,0.0253616863949749,0.973650058261781,0.00146619617322641,0.00256281167542461,NA,"DEs","down"
"clec-241",1,0.999271037346318,0,1.71439372403855,1,17265.1588189325,1,0.999900711975879,0,0.000652032166920235,0,0,0.00124972831993045,0,15.4552203287328,0.0249723840378082,0.935918699414219,0.0263712397973738,0.964843684550564,0.00146620061055802,0.00256281167542461,NA,"DEs","down"
"srz-3",1,0.999249890743764,0,1.59362425789958,1,15068.9301740205,1,0.999894255549493,0,0.000597696153010215,0,0,0.00119539230602043,0,15.4550595035514,0.0239901816165325,0.959144566527551,0.0253616863949749,0.973650058261781,0.00146631172220757,0.00256281167542461,NA,"DEs","down"
"F55G11.2",1,0.999249890730072,0,1.59362428881187,1,14227.6207768889,1,0.999888003353953,0,0.000597696153010215,0,0,0.00119539230602043,0,15.4549906026313,0.0239908903954666,0.959169140754996,0.0253616863949749,0.973650058261781,0.00146635932735284,0.00256281167542461,NA,"DEs","down"
"D1005.6",1,0.999271035323308,0,1.7143966104221,1,15907.0369619811,1,0.999892235627311,0,0.000652032166920235,0,0,0.00124972831993045,0,15.4549432324954,0.0249733417121089,0.935949777604046,0.0263712397973738,0.964843684550564,0.00146639205730059,0.00256281167542461,NA,"DEs","down"
"str-79",1,0.999249890718695,0,1.59362455388396,1,13515.6626766941,1,0.99988210443611,0,0.000597696153010215,0,0,0.00119539230602043,0,15.4549189444491,0.0239915591481301,0.959192327109675,0.0253616863949749,0.973650058261781,0.0014664088391777,0.00256281167542461,NA,"DEs","down"
"sre-26",1,0.999249889236972,0,1.59362251805848,1,11535.8836005377,1,0.999861874265297,0,0.000597696153010215,0,0,0.00119539230602043,0,15.4549160778547,0.0239938527758987,0.959271848749084,0.0253616863949749,0.973650058261781,0.00146641081986987,0.00256281167542461,NA,"DEs","down"
"srh-199",1,0.999249891866338,0,1.59362540163336,1,14026.6552593812,1,0.99988639883604,0,0.000597696153010215,0,0,0.00119539230602043,0,15.4549072024155,0.0239910723051795,0.959175447765996,0.0253616863949749,0.973650058261781,0.00146641695242922,0.00256281167542461,NA,"DEs","down"
"M04D8.5",1,0.999249895802291,0,1.59363265661553,1,12554.3060205848,1,0.999873076983679,0,0.000597696153010215,0,0,0.00119539230602043,0,15.4548999110864,0.0239925826750816,0.959227813647178,0.0253616863949749,0.973650058261781,0.00146642199045344,0.00256281167542461,NA,"DEs","down"
"npr-30",1,0.999271037323084,0,1.71439274321035,1,13400.525523177,1,0.999872081625611,0,0.000652032166920235,0,0,0.00124972831993045,0,15.4548937708024,0.0249756189899154,0.936023678388664,0.0263712397973738,0.964843684550564,0.00146642623316362,0.00256281167542461,NA,"DEs","down"
"Y44A6D.6",1,0.999271037310948,0,1.71439270254979,1,14905.2304853077,1,0.999884993691425,0,0.000652032166920235,0,0,0.00124972831993045,0,15.4548491214506,0.0249741599875453,0.935976331896609,0.0263712397973738,0.964843684550564,0.0014664570845887,0.00256281167542461,NA,"DEs","down"
"K02F6.8",1,0.999271037315399,0,1.71439271342368,1,14505.1571161973,1,0.999881822023972,0,0.000652032166920235,0,0,0.00124972831993045,0,15.4548234411458,0.0249745183612812,0.935987961626622,0.0263712397973738,0.964843684550564,0.00146647482923656,0.00256281167542461,NA,"DEs","down"
"K09D9.14",1,0.999288487126476,0,1.83280497753731,1,15401.3367812316,1,0.999881011179726,0,0.000706368180830254,0,0,0.00130406433384047,0,15.4548084515278,0.0273469846776798,0.955467716944985,0.0288405111478356,0.973650058261781,0.00146648518690262,0.00256281167542461,NA,"DEs","down"
"srh-4",1,0.999249891169831,0,1.59362337102436,1,13209.1287782513,1,0.999879368945726,0,0.000597696153010215,0,0,0.00119539230602043,0,15.4548043684,0.023991869280903,0.959203079700129,0.0253616863949749,0.973650058261781,0.00146648800831306,0.00256281167542461,NA,"DEs","down"
"ech-9",1,0.999271037088717,0,1.71439166570425,1,15880.6192463555,1,0.999892056689856,0,0.000652032166920235,0,0,0.00124972831993045,0,15.4547492322925,0.0249733619455683,0.93595043421264,0.0263712397973738,0.964843684550564,0.00146652610747255,0.00256281167542461,NA,"DEs","down"
"F47B8.1",1,0.999249890744469,0,1.59362426084063,1,11624.9159205144,1,0.999862931840833,0,0.000597696153010215,0,0,0.00119539230602043,0,15.454746669594,0.0239937328786466,0.959267691861594,0.0253616863949749,0.973650058261781,0.00146652787832624,0.00256281167542461,NA,"DEs","down"
"C06A12.19",1,0.999288487313739,0,1.83280545495821,1,12705.6157562953,1,0.999855769201343,0,0.000706368180830254,0,0,0.00130406433384047,0,15.4547178563779,0.027350038056104,0.955559762306982,0.0288412624198581,0.973650058261781,0.00146654778873034,0.00256281167542461,NA,"DEs","down"
"sre-33",1,0.999288487408189,0,1.83280395142672,1,10905.0993459023,1,0.999831959718256,0,0.000706368180830254,0,0,0.00130406433384047,0,15.4546441192069,0.0273529185453143,0.955646594182371,0.0288418312631181,0.973650058261781,0.0014665987435446,0.00256281167542461,NA,"DEs","down"
"F15A4.6",1,0.99924989073122,0,1.59362426552425,1,11418.9922305188,1,0.999860460375169,0,0.000597696153010215,0,0,0.00119539230602043,0,15.4546271230551,0.0239940131030681,0.959277407353037,0.0253616863949749,0.973650058261781,0.00146661048869468,0.00256281167542461,NA,"DEs","down"
"F54B11.11",1,0.999249887868744,0,1.59361508462359,1,10884.1846473178,1,0.999853605773863,0,0.000597696153010215,0,0,0.00119539230602043,0,15.454561016812,0.0239947903100509,0.959304353325201,0.0253616863949749,0.973650058261781,0.00146665617214325,0.00256281167542461,NA,"DEs","down"
"K01A6.8",1,0.999334723360267,0,2.28687959623298,1,10534.047105871,1,0.999782953008192,0,0.000923712236470333,0,0,0.00152140838948055,0,15.4545454719184,0.0251259283442207,0.929419118135542,0.026523128883626,0.959978712109214,0.00146666691481856,0.00256281167542461,NA,"DEs","down"
"pgp-11",1,0.99924989074562,0,1.59362426000508,1,12357.3231496936,1,0.999871054697661,0,0.000597696153010215,0,0,0.00119539230602043,0,15.4545286399882,0.0239928119048866,0.959235761201384,0.0253616863949749,0.973650058261781,0.00146667854701976,0.00256281167542461,NA,"DEs","down"
"T08G5.1",1,0.999271037322892,0,1.71439273482722,1,10755.3251258781,1,0.999840625970383,0,0.000652032166920235,0,0,0.00124972831993045,0,15.4544105373197,0.0249791737706611,0.936139033573275,0.026372732955227,0.964881861760457,0.00146676016792313,0.00256281167542461,NA,"DEs","down"
"Y24D9A.5",0.999237982460501,1,1.47025388613464,0,11935.4235218205,1,0.999876831115887,1,0.000586854460093897,0,Inf,0.00112035851472471,0,Inf,15.0517199145582,0.0202101265154639,0.057918491298094,0.0214682495835934,0.0615930783593024,0.0017729798971623,0.00308320519568301,NA,"DEs","up"
"F23H11.6",0.460494573701884,0.998704356783833,0.000395544868413211,1.593624327892,0.000157465180696384,11962.1057091876,0.284741987871503,0.999866795020214,0.000106700810926163,0.00103238426429037,0.103353774962374,0.000213401621852326,0.00206476852858074,0.103353774962374,14.369849412145,0.026239130292616,0.0626922652985389,0.0276792606563087,0.0666409584536669,0.00244260179494682,0.00420867577828633,NA,"DEs","up"
"C04E6.8",0.460494788495654,0.998704354815722,0.000395545034996128,1.59362245519362,0.000157465214428131,17573.9897023057,0.284741945727169,0.999909327478596,0.000106700810926163,0.00103238426429037,0.103353774962374,0.000213401621852326,0.00206476852858074,0.103353774962374,14.3694453897121,0.0262299916524509,0.0626733945320587,0.0276743596093341,0.0666323973623544,0.00244306493177304,0.00420907122605175,NA,"DEs","up"
"mctp-1",0.460494616551758,0.998704356832494,0.000395544906314206,1.59362431999835,0.000157465178130388,12197.8581122814,0.284741965037646,0.999869369185238,0.000106700810926163,0.00103238426429037,0.103353774962374,0.000213401621852326,0.00206476852858074,0.103353774962374,14.3691553599301,0.026238577098526,0.0626911230172408,0.0276792606563087,0.0666409584536669,0.00244339745083233,0.00420924158292171,NA,"DEs","up"
"ttr-38",1,0.999318082495864,0,1.59362426193582,1,17694.2996952725,1,0.999909943836507,0,0.000543360139100196,0,0,0.00108672027820039,0,14.0500048235364,0.0473207213562266,0.929704670105333,0.0494394259196404,0.959978712109214,0.0028378717645714,0.00485810822393626,NA,"DEs","down"
"sre-7",1,0.999318079539765,0,1.59362231745596,1,19594.6241502383,1,0.999918677045951,0,0.000543360139100196,0,0,0.00108672027820039,0,14.0499037242107,0.0473188906896478,0.929674423521174,0.0494394259196404,0.959978712109214,0.00283800622267272,0.00485810822393626,NA,"DEs","down"
"srh-148",1,0.999318082540672,0,1.5936238460551,1,19335.9544907578,1,0.999917589146431,0,0.000543360139100196,0,0,0.00108672027820039,0,14.0498997285709,0.0473191187619857,0.92967819178472,0.0494394259196404,0.959978712109214,0.00283801153684504,0.00485810822393626,NA,"DEs","down"
"gly-1",1,0.999318079732075,0,1.59361769465129,1,15647.0167861607,1,0.999898162350936,0,0.000543360139100196,0,0,0.00108672027820039,0,14.0498616767697,0.0473231910730376,0.929745474789593,0.0494394259196404,0.959978712109214,0.00283806214596372,0.00485810822393626,NA,"DEs","down"
"T06G6.4",1,0.999318085180599,0,1.59362324947979,1,18278.8505587136,1,0.99991282360354,0,0.000543360139100196,0,0,0.00108672027820039,0,14.0496337480937,0.0473201177426831,0.929694697127472,0.0494394259196404,0.959978712109214,0.00283836531116177,0.00485810822393626,NA,"DEs","down"
"clec-216",1,0.99931808249587,0,1.59362423520793,1,12000.2778115254,1,0.999867218688041,0,0.000543360139100196,0,0,0.00108672027820039,0,14.0495386116927,0.0473296785644929,0.929852659015709,0.0494394259196404,0.959978712109214,0.00283849186044061,0.00485810822393626,NA,"DEs","down"
"K05D4.9",1,0.999318082497078,0,1.59362426717403,1,14769.6003972202,1,0.999892112698211,0,0.000543360139100196,0,0,0.00108672027820039,0,14.0495363569345,0.0473244593485771,0.929766429073008,0.0494394259196404,0.959978712109214,0.00283849485976029,0.00485810822393626,NA,"DEs","down"
"lgc-8",1,0.999318082632441,0,1.59362443201119,1,12435.0425671554,1,0.999871860492865,0,0.000543360139100196,0,0,0.00108672027820039,0,14.0494721880269,0.047328705323491,0.929836579644339,0.0494394259196404,0.959978712109214,0.00283858021970451,0.00485810822393626,NA,"DEs","down"
"oac-8",1,0.999318079293579,0,1.59361917104521,1,13671.2437235901,1,0.999883446344669,0,0.000543360139100196,0,0,0.00108672027820039,0,14.049459466745,0.0473262761875323,0.929796446440642,0.0494394259196404,0.959978712109214,0.00283859714234413,0.00485810822393626,NA,"DEs","down"
"C30F2.4",1,0.999318082512947,0,1.5936243270407,1,13957.8389455994,1,0.999885838889292,0,0.000543360139100196,0,0,0.00108672027820039,0,14.04937760219,0.0473257746324341,0.929788159894924,0.0494394259196404,0.959978712109214,0.00283870604605407,0.00485810822393626,NA,"DEs","down"
"srw-33",1,0.999318082383667,0,1.59362434926201,1,13505.8449584116,1,0.999882018760293,0,0.000543360139100196,0,0,0.00108672027820039,0,14.0493499514852,0.0473265755297299,0.929801392075378,0.0494394259196404,0.959978712109214,0.00283874283048313,0.00485810822393626,NA,"DEs","down"
"str-155",1,0.999318082460916,0,1.59362418492578,1,11229.6878688465,1,0.999858108428151,0,0.000543360139100196,0,0,0.00108672027820039,0,14.0492888714604,0.047331588776814,0.929884218324509,0.0494394259196404,0.959978712109214,0.0028388240884526,0.00485810822393626,NA,"DEs","down"
"hdl-2",1,0.999318082471393,0,1.59362425691979,1,11135.0222174771,1,0.999856902287053,0,0.000543360139100196,0,0,0.00108672027820039,0,14.0492616043835,0.0473318416842182,0.9298883966788,0.0494394259196404,0.959978712109214,0.00283886036402337,0.00485810822393626,NA,"DEs","down"
"skr-4",1,0.999318082501269,0,1.59362427051812,1,10849.152347622,1,0.99985313228467,0,0.000543360139100196,0,0,0.00108672027820039,0,14.0492092414975,0.0473326322014739,0.929901457005792,0.0494394259196404,0.959978712109214,0.00283893002784197,0.00485810822393626,NA,"DEs","down"
"srw-140",0.999381389548976,1,1.98357353900113,0,18802.8580971043,1,0.999894517934597,1,0.00069355527102006,0,Inf,0.00122705932565087,0,Inf,13.6837405971482,0.0115927468686401,0.928640524472046,0.0123956467125192,0.959977717128712,0.00336882557496432,0.00573206535360822,NA,"DEs","up"
"C49F5.5",0.999351018910487,1,1.726336019258,0,12814.021931355,1,0.999865295729657,1,0.000586854460093897,0,Inf,0.00112035851472471,0,Inf,13.6833790190378,0.0175142059062591,0.941582310405003,0.0186394527642729,0.969031912008926,0.0033693955613544,0.00573206535360822,NA,"DEs","up"
"F36H5.9",0.999330455581841,1,1.59362427544503,0,16000.2238257372,1,0.999900409795298,1,0.000533504054630815,0,Inf,0.00106700810926163,0,Inf,13.683329087609,0.0182815083335552,0.924290637077714,0.0194463980892247,0.956189491040174,0.00336947428002687,0.00573206535360822,NA,"DEs","up"
"srh-141",0.999351019520405,1,1.72633622460882,0,11457.7285794897,1,0.999849352675384,1,0.000640204865556978,0,Inf,0.00112035851472471,0,Inf,13.6831933490035,0.0175153364165574,0.941635593397909,0.0186394527642729,0.969031912008926,0.00336968828597162,0.00573206535360822,NA,"DEs","up"
"srx-38",1,0.999406983214902,0,1.74090281435114,1,17083.1241097547,1,0.999898102629838,0,0.000543360139100196,0,0,0.00103238426429037,0,12.6448147798085,0.0454529049447577,0.941748376599693,0.0476059375074698,0.969031912008926,0.00547120367193321,0.00916606422277245,NA,"DEs","down"
"T13G4.7",1,0.999406983191566,0,1.74090219320799,1,15988.6811109858,1,0.999891128439776,0,0.000543360139100196,0,0,0.00103238426429037,0,12.6447256866801,0.0454541017105881,0.941769274284756,0.0476059375074698,0.969031912008926,0.00547143062328703,0.00916606422277245,NA,"DEs","down"
"C35E7.7",1,0.999423409455188,0,1.88473483030473,1,18049.1744190485,1,0.999895588684617,0,0.000597696153010215,0,0,0.00108672027820039,0,12.6447132946869,0.044421062385525,0.906042935525579,0.0466156293517605,0.938888801890414,0.00547146219076466,0.00916606422277245,NA,"DEs","down"
"srt-67",1,0.999386274256075,0,1.59362427305346,1,19193.4539302314,1,0.999916977320919,0,0.000489024125190176,0,0,0.000978048250380352,0,12.6446941198573,0.0452583813409431,0.877453606860808,0.0474437727612585,0.912099283876183,0.00547151103725707,0.00916606422277245,NA,"DEs","down"
"pho-10",1,0.999386274246572,0,1.5936242544413,1,18257.4741639506,1,0.999912721488691,0,0.000489024125190176,0,0,0.000978048250380352,0,12.6446753540765,0.04525914741376,0.877466127044729,0.0474437727612585,0.912099283876183,0.00547155884214523,0.00916606422277245,NA,"DEs","down"
"F59B1.4",1,0.999456429642862,0,2.29911050502885,1,14114.0015478622,1,0.999837130806387,0,0.000760704194740274,0,0,0.00124972831993045,0,12.6446267351465,0.0482206627983501,0.951827076993349,0.0503541757650173,0.973650058261781,0.00547168269835874,0.00916606422277245,NA,"DEs","down"
"nkb-2",1,0.999386275928253,0,1.59362777483677,1,14398.2458995089,1,0.999889330171227,0,0.000489024125190176,0,0,0.000978048250380352,0,12.6445801673801,0.0452633582968001,0.877534946116948,0.0474437727612585,0.912099283876183,0.00547180133185465,0.00916606422277245,NA,"DEs","down"
"F42C5.5",1,0.999386269903056,0,1.59362042344714,1,18461.0393079294,1,0.999913684010854,0,0.000489024125190176,0,0,0.000978048250380352,0,12.6445555512178,0.0452589741086854,0.877463294665919,0.0474437727612585,0.912099283876183,0.00547186404367184,0.00916606422277245,NA,"DEs","down"
"srw-10",1,0.999386274249192,0,1.5936242538593,1,15371.144906619,1,0.999896334394119,0,0.000489024125190176,0,0,0.000978048250380352,0,12.644504991809,0.0452620973328396,0.877514338141275,0.0474437727612585,0.912099283876183,0.00547199285039779,0.00916606422277245,NA,"DEs","down"
"srz-78",1,0.999386270001647,0,1.59361860295199,1,18947.6020241706,1,0.999915900461793,0,0.000489024125190176,0,0,0.000978048250380352,0,12.6445037918344,0.0452585751405302,0.877456774196409,0.0474437727612585,0.912099283876183,0.00547199590752701,0.00916606422277245,NA,"DEs","down"
"C09F12.3",1,0.999386272645468,0,1.59362512428127,1,17519.350599571,1,0.999909044563818,0,0.000489024125190176,0,0,0.000978048250380352,0,12.6444996820055,0.0452598092709858,0.877476943962521,0.0474437727612585,0.912099283876183,0.00547200637799272,0.00916606422277245,NA,"DEs","down"
"acd-4",1,0.999406983195328,0,1.7409021853446,1,12277.224026875,1,0.99985822077061,0,0.000543360139100196,0,0,0.00103238426429037,0,12.6444921618622,0.0454597491905706,0.941867887884663,0.0476059375074698,0.969031912008926,0.00547202553684734,0.00916606422277245,NA,"DEs","down"
"str-240",1,0.999406983587675,0,1.74090408618773,1,18414.5015853757,1,0.999905469094079,0,0.000543360139100196,0,0,0.00103238426429037,0,12.6444917710726,0.0454516409141273,0.941726304224322,0.0476059375074698,0.969031912008926,0.0054720265324526,0.00916606422277245,NA,"DEs","down"
"pals-14",1,0.999386274247282,0,1.59362426306528,1,11762.1492912912,1,0.999864530849194,0,0.000489024125190176,0,0,0.000978048250380352,0,12.6444774250586,0.0452678231334563,0.877607914119416,0.0474437727612585,0.912099283876183,0.00547206308157366,0.00916606422277245,NA,"DEs","down"
"Y51B9A.9",1,0.999406982962767,0,1.74089487420412,1,11518.4502389997,1,0.999848883160533,0,0.000543360139100196,0,0,0.00103238426429037,0,12.64446742196,0.0454613518486512,0.94189587226517,0.0476059375074698,0.969031912008926,0.00547208856645831,0.00916606422277245,NA,"DEs","down"
"Y26G10.4",1,0.999406982263101,0,1.74090120468041,1,14735.3106913456,1,0.999881869097509,0,0.000543360139100196,0,0,0.00103238426429037,0,12.6444670212912,0.0454556906544841,0.941797019925536,0.0476059375074698,0.969031912008926,0.00547208958724443,0.00916606422277245,NA,"DEs","down"
"C28D4.10",1,0.999386273941562,0,1.59362801018226,1,11639.701576161,1,0.999863105609622,0,0.000489024125190176,0,0,0.000978048250380352,0,12.6444350471606,0.0452680797377385,0.877612107709909,0.0474437727612585,0.912099283876183,0.00547217104850828,0.00916606422277245,NA,"DEs","down"
"srh-130",1,0.999406983181917,0,1.74090223323795,1,15667.6028973274,1,0.999888897566133,0,0.000543360139100196,0,0,0.00103238426429037,0,12.6443901497479,0.0454544845351121,0.941775959065428,0.0476059375074698,0.969031912008926,0.00547228543675438,0.00916606422277245,NA,"DEs","down"
"srh-218",1,0.999406983581002,0,1.74090266625991,1,18850.107022154,1,0.999907653473909,0,0.000543360139100196,0,0,0.00103238426429037,0,12.6443719103948,0.0454512660987744,0.941719759211633,0.0476059375074698,0.969031912008926,0.00547233190709218,0.00916606422277245,NA,"DEs","down"
"F35F10.14",1,0.999386274246709,0,1.59362425788532,1,14573.7416812191,1,0.999890662943631,0,0.000489024125190176,0,0,0.000978048250380352,0,12.6443501430329,0.0452631183341344,0.877531024408453,0.0474437727612585,0.912099283876183,0.0054723873666237,0.00916606422277245,NA,"DEs","down"
"btb-22",1,0.999406984097177,0,1.74090056558543,1,16092.1429597134,1,0.999891828437393,0,0.000543360139100196,0,0,0.00103238426429037,0,12.6443482860651,0.0454539816071453,0.941767177067738,0.0476059375074698,0.969031912008926,0.0054723920978873,0.00916606422277245,NA,"DEs","down"
"srh-178",1,0.99938627432274,0,1.59362388174375,1,16525.458125194,1,0.999903574823511,0,0.000489024125190176,0,0,0.000978048250380352,0,12.6443464215889,0.0452607939203752,0.877493036301419,0.0474437727612585,0.912099283876183,0.00547239684828482,0.00916606422277245,NA,"DEs","down"
"K11H3.2",1,0.999386273713573,0,1.59362383805552,1,10101.0515416713,1,0.999842256774147,0,0.000489024125190176,0,0,0.000978048250380352,0,12.6442503025644,0.0452718338134217,0.87767345863248,0.0474437727612585,0.912099283876183,0.00547264175025863,0.00916606422277245,NA,"DEs","down"
"srh-216",1,0.999423409528072,0,1.88473486116012,1,10492.0933926711,1,0.999820398438204,0,0.000597696153010215,0,0,0.00108672027820039,0,12.6439927216793,0.044433346227556,0.906254346355535,0.0466245486349962,0.939028893784709,0.00547329809487451,0.00916606422277245,NA,"DEs","down"
"arrd-5",1,0.99938627430509,0,1.59362553630178,1,10857.9778310547,1,0.999853251526299,0,0.000489024125190176,0,0,0.000978048250380352,0,12.643958297011,0.0452698540422405,0.877641104386578,0.0474437727612585,0.912099283876183,0.00547338581863821,0.00916606422277245,NA,"DEs","down"
"Y71G12B.5",0.999397406713879,1,1.59362451039644,0,17584.3567945308,1,0.999909380814092,1,0.000480153649167734,0,Inf,0.000960307298335467,0,Inf,12.3150729129286,0.0242064553546101,0.944115357736824,0.0255832143749503,0.970991001529149,0.00637821959118101,0.0106585663811072,NA,"DEs","up"
"ZK792.12",0.999397406755871,1,1.59362441174409,0,11558.7302821917,1,0.999862147079561,1,0.000480153649167734,0,Inf,0.000960307298335467,0,Inf,12.3147236430162,0.024210877781815,0.944264885323852,0.0255856934527329,0.971063721802158,0.00637925506821824,0.0106593080420163,NA,"DEs","up"
"C40A11.8",0.999464360772198,1,1.59362126526395,0,18909.9916276367,1,0.999915733068154,1,0.000426803243704652,0,Inf,0.000853606487409304,0,Inf,10.9465361450789,0.0307033959061134,0.137873597087918,0.0323276504199057,0.146216985118633,0.0120185157282734,0.0196146009023076,NA,"DEs","up"
"Y7A5A.20",0.999464361570415,1,1.59362435840049,0,12262.5527709681,1,0.999870058273358,1,0.000426803243704652,0,Inf,0.000853606487409304,0,Inf,10.9460545211568,0.0307082634626468,0.13789236613046,0.0323300124645196,0.146224302868589,0.0120211843920895,0.0196171791673809,NA,"DEs","up"
"sra-7",1,0.99959557657513,0,2.82143914453117,1,10666.1816928669,1,0.999735548006724,0,0.000760704194740274,0,0,0.00114105629211041,0,9.83389460670901,0.0499856294289964,0.0611668049136413,0.0521839636103073,0.0650418640200295,0.0200321673893391,0.0320674491572133,NA,"DEs","down"
"nas-11",0.999531316323329,1,1.59362426133064,0,16547.8221900053,1,0.999903705104808,1,0.000373452838241571,0,Inf,0.000746905676483141,0,Inf,9.57811949175155,0.0457491861999155,0.122184101092905,0.0478828455976128,0.129607554687043,0.0225146590872988,0.0358457074915476,NA,"DEs","up"
"C35D10.3",0.999531316343892,1,1.593624183533,0,13438.0780823658,1,0.999881423875647,1,0.000373452838241571,0,Inf,0.000746905676483141,0,Inf,9.57790659761159,0.0457523414584866,0.122191200615372,0.0478828455976128,0.129607554687043,0.0225168462061255,0.0358457074915476,NA,"DEs","up"
"Y37A1B.4",0.999531316324444,1,1.59362425891845,0,12994.7462793287,1,0.999877378995106,1,0.000373452838241571,0,Inf,0.000746905676483141,0,Inf,9.57788555453806,0.045752914286766,0.122192489502534,0.0478828455976128,0.129607554687043,0.0225170623986096,0.0358457074915476,NA,"DEs","up"
"C17B7.5",0.999531313859385,1,1.59362002306672,0,18128.1584898641,1,0.999912099182967,1,0.000373452838241571,0,Inf,0.000746905676483141,0,Inf,9.57781676778822,0.0457479975575822,0.122181426549017,0.0478828455976128,0.129607554687043,0.0225177691146417,0.0358457074915476,NA,"DEs","up"
"R01B10.2",0.999531316704239,1,1.59362541674634,0,13999.7875490388,1,0.999886180841955,1,0.000373452838241571,0,Inf,0.000746905676483141,0,Inf,9.57779670599547,0.0457516678027339,0.122189684857898,0.0478828455976128,0.129607554687043,0.0225179752338819,0.0358457074915476,NA,"DEs","up"
"R03D7.8",0.999531316271754,1,1.5936243709054,0,12435.8885887328,1,0.999871869214074,1,0.000373452838241571,0,Inf,0.000746905676483141,0,Inf,9.57772245003846,0.0457536945861134,0.122194245202637,0.0478828455976128,0.129607554687043,0.0225187381719127,0.0358457074915476,NA,"DEs","up"
"clec-38",0.999531316322486,1,1.59362427932771,0,10579.5147787505,1,0.999849389665182,1,0.000373452838241571,0,Inf,0.000746905676483141,0,Inf,9.57759534394469,0.0457568783458356,0.122201408704926,0.0478828455976128,0.129607554687043,0.0225200441741373,0.0358457074915476,NA,"DEs","up"
"srh-170",0.999576973205602,1,2.14397043679258,0,10276.6753626691,1,0.999791418608761,1,0.000533504054630815,0,Inf,0.000906956892872386,0,Inf,9.57751829923981,0.0371752482679216,0.117694725838946,0.0390850877846727,0.124913768292196,0.0225208358368526,0.0358457074915476,NA,"DEs","up"
"srh-234",0.999531316323403,1,1.59362426106523,0,10962.4316152564,1,0.99985464970882,1,0.000373452838241571,0,Inf,0.000746905676483141,0,Inf,9.57750649822196,0.0457561333443498,0.122199732450975,0.0478828455976128,0.129607554687043,0.022520957099069,0.0358457074915476,NA,"DEs","up"
